geoid,name,universe,male_total,male_under_5,male_5_to_9,male_10_to_14,male_15_to_17,male_18_to_19,male_20,male_21,male_22_to_24,male_25_to_29,male_30_to_34,male_35_to_39,male_40_to_44,male_45_to_49,male_50_to_54,male_55_to_59,male_60_to_61,male_62_to_64,male_65_to_66,male_67_to_69,male_70_to_74,male_75_to_79,male_80_to_84,male_85_and_over,female_total,female_under_5,female_5_to_9,female_10_to_14,female_15_to_17,female_18_to_19,female_20,female_21,female_22_to_24,female_25_to_29,female_30_to_34,female_35_to_39,female_40_to_44,female_45_to_49,female_50_to_54,female_55_to_59,female_60_to_61,female_62_to_64,female_65_to_66,female_67_to_69,female_70_to_74,female_75_to_79,female_80_to_84,female_85_and_over,combined statistical area
118,"Appleton-Oshkosh-Neenah, WI CSA",402565,201614.0,12316.0,13346.0,13230.0,8109.0,5528.0,2520.0,3057.0,9538.0,13342.0,13733.0,13741.0,12181.0,13910.0,15420.0,14756.0,4962.0,6603.0,4734.0,4731.0,5751.0,4175.0,3300.0,2631.0,200951.0,11726.0,12473.0,12827.0,7740.0,5476.0,2592.0,3420.0,8591.0,11904.0,12830.0,12448.0,12025.0,13610.0,15215.0,14205.0,5026.0,7294.0,4498.0,4966.0,7091.0,5715.0,4395.0,4884.0,118
104,"Albany-Schenectady, NY CSA",1173682,577287.0,31177.0,33440.0,33758.0,22092.0,18417.0,9868.0,9312.0,25986.0,37519.0,36048.0,34196.0,34102.0,39982.0,43184.0,43039.0,15634.0,22394.0,14838.0,16884.0,21852.0,13995.0,10073.0,9497.0,596395.0,29730.0,31164.0,32523.0,21286.0,17211.0,8676.0,8755.0,24518.0,35895.0,36234.0,33869.0,35563.0,40423.0,45347.0,43505.0,17169.0,23859.0,15715.0,18397.0,25231.0,17348.0,14643.0,19334.0,104
106,"Albuquerque-Santa Fe-Las Vegas, NM CSA",1165301,572964.0,34532.0,37544.0,38404.0,23268.0,14633.0,8081.0,7991.0,22441.0,40841.0,39954.0,37220.0,34527.0,35706.0,38787.0,38428.0,15823.0,21003.0,13337.0,17681.0,22016.0,14273.0,9525.0,6949.0,592337.0,32964.0,35612.0,37887.0,22267.0,14121.0,8141.0,6795.0,21838.0,38976.0,39067.0,35826.0,35616.0,36246.0,40841.0,43493.0,16555.0,23848.0,15155.0,19483.0,25242.0,17338.0,12260.0,12766.0,106
108,"Amarillo-Borger, TX CSA",283531,142524.0,10504.0,11002.0,10010.0,6022.0,3995.0,2482.0,2119.0,5400.0,10664.0,10878.0,10107.0,8602.0,8659.0,8861.0,8900.0,3322.0,4467.0,2470.0,3326.0,4221.0,2815.0,1812.0,1886.0,141007.0,10010.0,11166.0,8960.0,5818.0,3817.0,2007.0,1864.0,5627.0,10130.0,9919.0,8525.0,8598.0,7900.0,8720.0,9601.0,3237.0,4358.0,2664.0,3931.0,4595.0,4025.0,3004.0,2531.0,108
120,"Asheville-Brevard, NC CSA",478916,230818.0,12124.0,12332.0,13843.0,8386.0,5304.0,2467.0,2762.0,8142.0,13698.0,14234.0,14113.0,15071.0,15295.0,15751.0,15942.0,6675.0,9613.0,6674.0,9024.0,11195.0,8034.0,5660.0,4479.0,248098.0,11385.0,12185.0,12665.0,7655.0,4918.0,2752.0,2380.0,8104.0,14826.0,14682.0,14196.0,15213.0,15559.0,17008.0,18528.0,7433.0,11388.0,7511.0,10178.0,14040.0,9580.0,7740.0,8172.0,120
122,"Atlanta--Athens-Clarke County--Sandy Springs, GA CSA",6354028,3079780.0,210151.0,229297.0,231713.0,139924.0,87715.0,46785.0,42510.0,129102.0,217202.0,212663.0,213844.0,219583.0,225589.0,216698.0,188842.0,68015.0,87467.0,54183.0,70431.0,83587.0,52685.0,30175.0,21619.0,3274248.0,202501.0,217035.0,227308.0,134885.0,86724.0,43951.0,41388.0,129118.0,226127.0,228717.0,234065.0,237960.0,238441.0,230641.0,206044.0,74204.0,103905.0,63026.0,82545.0,103497.0,68346.0,47030.0,46790.0,122
145,"Bloomington-Pontiac, IL CSA",226219,111302.0,6836.0,7302.0,6845.0,4397.0,4508.0,2536.0,3171.0,6556.0,7321.0,7578.0,7417.0,6295.0,6803.0,7307.0,6903.0,2658.0,3718.0,2313.0,2418.0,3268.0,2169.0,1572.0,1411.0,114917.0,6716.0,6760.0,6698.0,4068.0,5300.0,3080.0,4115.0,5721.0,7102.0,7169.0,7307.0,6042.0,6680.0,7538.0,7380.0,2905.0,3605.0,2314.0,2909.0,3487.0,2609.0,2251.0,3161.0,145
140,"Bend-Redmond-Prineville, OR CSA",197038,97256.0,5152.0,5960.0,6274.0,3923.0,1989.0,1193.0,694.0,3074.0,5894.0,6265.0,5892.0,6841.0,6141.0,6114.0,6778.0,2800.0,4182.0,3269.0,3625.0,4960.0,3127.0,1660.0,1449.0,99782.0,5073.0,5620.0,5878.0,3473.0,1805.0,618.0,900.0,3345.0,5756.0,6275.0,6574.0,6169.0,6540.0,6613.0,7816.0,2970.0,4764.0,3139.0,3705.0,5341.0,3099.0,2121.0,2188.0,140
142,"Birmingham-Hoover-Talladega, AL CSA",1358399,655679.0,42820.0,44245.0,44758.0,27573.0,16420.0,8660.0,8307.0,25464.0,44456.0,43739.0,41870.0,43583.0,43395.0,45458.0,44356.0,17665.0,23467.0,14840.0,17940.0,23508.0,15421.0,10193.0,7541.0,702720.0,41140.0,42221.0,43732.0,26163.0,15734.0,9056.0,7621.0,26149.0,46783.0,45880.0,44616.0,44864.0,45516.0,48411.0,49847.0,18757.0,26782.0,17548.0,21492.0,27647.0,21136.0,16232.0,15393.0,142
144,"Bloomington-Bedford, IN CSA",211062,105255.0,5239.0,5740.0,5130.0,3447.0,6543.0,3810.0,3926.0,8298.0,8120.0,6530.0,6052.0,5289.0,5815.0,6189.0,6309.0,2228.0,3483.0,2425.0,2257.0,3511.0,2004.0,1695.0,1215.0,105807.0,4795.0,4875.0,5178.0,3334.0,6780.0,3711.0,4074.0,7353.0,7315.0,6195.0,5799.0,5341.0,5751.0,6444.0,6742.0,2669.0,3196.0,2434.0,2891.0,3583.0,2691.0,2375.0,2281.0,144
146,"Bloomsburg-Berwick-Sunbury, PA CSA",263581,132646.0,6796.0,7145.0,7549.0,4655.0,5060.0,2641.0,2409.0,5109.0,8380.0,8094.0,8156.0,8292.0,9204.0,9556.0,10190.0,3722.0,4562.0,3095.0,3929.0,5311.0,3964.0,2493.0,2334.0,130935.0,6400.0,7023.0,6969.0,4169.0,5198.0,2307.0,2612.0,5039.0,6933.0,6876.0,6915.0,7104.0,8055.0,9143.0,9607.0,3776.0,5088.0,3435.0,4396.0,6040.0,5034.0,3755.0,5061.0,146
160,"Buffalo-Cheektowaga, NY CSA",1214845,589355.0,33591.0,33135.0,37651.0,23614.0,16728.0,8682.0,9396.0,24339.0,43576.0,37571.0,32635.0,33701.0,38704.0,43542.0,44789.0,17352.0,21910.0,13127.0,17143.0,22264.0,14184.0,11042.0,10679.0,625490.0,32342.0,33475.0,35145.0,22459.0,16166.0,8957.0,8058.0,24533.0,42657.0,37542.0,33671.0,34564.0,40806.0,45906.0,48159.0,18429.0,23815.0,14481.0,19461.0,26630.0,20280.0,16459.0,21495.0,160
162,"Cape Coral-Fort Myers-Naples, FL CSA",1056939,518339.0,25835.0,26866.0,28842.0,17013.0,10889.0,6079.0,5400.0,16108.0,28415.0,27675.0,27167.0,26983.0,30258.0,32593.0,32574.0,14002.0,20494.0,15176.0,24094.0,37356.0,30942.0,18607.0,14971.0,538600.0,24528.0,25346.0,27546.0,16537.0,10245.0,5247.0,4848.0,15727.0,27294.0,26801.0,26747.0,28192.0,31198.0,35068.0,37301.0,15774.0,24882.0,17795.0,27191.0,40368.0,29565.0,19443.0,20957.0,162
164,"Cape Girardeau-Sikeston, MO-IL CSA",135994,66142.0,4201.0,4676.0,4170.0,2495.0,2174.0,1384.0,973.0,3200.0,4204.0,4010.0,3834.0,3684.0,3976.0,4679.0,4508.0,1543.0,2525.0,1727.0,1787.0,2521.0,1895.0,1059.0,917.0,69852.0,3936.0,4450.0,3944.0,2477.0,2175.0,1247.0,1385.0,3380.0,4247.0,4090.0,3988.0,3821.0,4127.0,4679.0,4792.0,2004.0,2490.0,1300.0,2330.0,3118.0,2395.0,1566.0,1911.0,164
168,"Cedar Rapids-Iowa City, IA CSA",432642,214377.0,13764.0,13578.0,14028.0,8172.0,7440.0,4741.0,4254.0,11783.0,15736.0,15161.0,14426.0,12275.0,13143.0,13956.0,13287.0,5337.0,6793.0,4320.0,4732.0,6792.0,4569.0,3257.0,2833.0,218265.0,13121.0,13166.0,13778.0,7897.0,7725.0,4099.0,4327.0,12230.0,14941.0,14702.0,13735.0,12496.0,12664.0,13885.0,14128.0,4796.0,7317.0,4363.0,5841.0,7358.0,5459.0,4272.0,5965.0,168
176,"Chicago-Naperville, IL-IN-WI CSA",9921410,4858780.0,314119.0,325350.0,338963.0,207285.0,131700.0,67911.0,66045.0,205320.0,357407.0,352916.0,329159.0,325987.0,329063.0,338422.0,321611.0,118843.0,155724.0,91969.0,113934.0,146813.0,94078.0,67734.0,58427.0,5062630.0,301135.0,315635.0,324152.0,200292.0,124275.0,63269.0,63370.0,203177.0,352184.0,354726.0,336486.0,329141.0,339056.0,352606.0,341890.0,128371.0,170937.0,105577.0,132106.0,176389.0,130378.0,98744.0,118734.0,176
147,"Boise City-Mountain Home-Ontario, ID-OR CSA",756838,379921.0,25728.0,28574.0,29580.0,17292.0,10159.0,5564.0,4848.0,15280.0,26517.0,26636.0,26340.0,24479.0,24707.0,23725.0,22394.0,9571.0,11353.0,8043.0,9927.0,12026.0,7366.0,5522.0,4290.0,376917.0,24715.0,27434.0,28375.0,16582.0,9361.0,5257.0,4951.0,12816.0,25178.0,25643.0,25374.0,23913.0,23363.0,23981.0,23858.0,9370.0,11836.0,7989.0,10533.0,14008.0,8641.0,6547.0,7192.0,147
148,"Boston-Worcester-Providence, MA-RI-NH-CT CSA",8148625,3967600.0,220917.0,227659.0,245643.0,154768.0,120198.0,59297.0,57048.0,174948.0,293061.0,270361.0,243200.0,250787.0,278895.0,300752.0,284698.0,103976.0,140412.0,85920.0,106340.0,136175.0,88413.0,63623.0,60509.0,4181025.0,211692.0,221028.0,233042.0,146931.0,121876.0,59597.0,58850.0,166951.0,289078.0,272013.0,250089.0,260728.0,292835.0,315348.0,302703.0,111784.0,153353.0,93990.0,123189.0,160775.0,115548.0,95509.0,124116.0,148
150,"Bowling Green-Glasgow, KY CSA",222658,109350.0,7060.0,6744.0,7613.0,4534.0,3757.0,1974.0,2443.0,6353.0,7360.0,6807.0,6750.0,6633.0,6738.0,7313.0,6893.0,2417.0,3698.0,2000.0,3105.0,3888.0,2751.0,1578.0,941.0,113308.0,6779.0,6537.0,7440.0,4047.0,5042.0,2091.0,1756.0,5463.0,7235.0,6760.0,7241.0,6458.0,6813.0,7738.0,7394.0,2711.0,3870.0,2325.0,3139.0,4572.0,3370.0,2118.0,2409.0,150
154,"Brownsville-Harlingen-Raymondville, TX CSA",442040,215478.0,19273.0,19009.0,19833.0,11976.0,7418.0,4038.0,3424.0,9876.0,14126.0,13136.0,13271.0,13144.0,12039.0,10895.0,10381.0,3822.0,5244.0,3981.0,4626.0,5683.0,4816.0,3108.0,2359.0,226562.0,18318.0,17925.0,19612.0,11412.0,6863.0,4303.0,3163.0,8757.0,13554.0,13475.0,14026.0,14946.0,13565.0,12557.0,12376.0,4522.0,6273.0,4136.0,5253.0,7204.0,5871.0,4544.0,3907.0,154
170,"Charleston-Huntington-Ashland, WV-OH-KY CSA",691866,338677.0,19884.0,20792.0,21430.0,13226.0,8042.0,4434.0,4244.0,13469.0,20767.0,20888.0,21436.0,21588.0,22233.0,23340.0,24302.0,9882.0,14002.0,8649.0,11369.0,13754.0,10259.0,6131.0,4556.0,353189.0,19022.0,19345.0,20550.0,12526.0,7666.0,4353.0,4825.0,11830.0,20025.0,20548.0,20967.0,22691.0,22394.0,24230.0,27104.0,10243.0,14715.0,10126.0,11675.0,16273.0,12161.0,9868.0,10052.0,170
172,"Charlotte-Concord, NC-SC CSA",2584937,1254375.0,83129.0,90016.0,92044.0,54505.0,32268.0,15827.0,16232.0,49029.0,85990.0,85106.0,83544.0,92847.0,92820.0,89352.0,80344.0,29025.0,37269.0,24267.0,30799.0,39191.0,24673.0,14643.0,11455.0,1330562.0,79741.0,86724.0,88368.0,52808.0,30839.0,14695.0,15875.0,50069.0,90368.0,90691.0,90940.0,97483.0,96807.0,93487.0,86187.0,30612.0,43850.0,28214.0,36996.0,45780.0,32556.0,23388.0,24084.0,172
174,"Chattanooga-Cleveland-Dalton, TN-GA-AL CSA",949527,462993.0,28422.0,29931.0,31662.0,19219.0,11982.0,6867.0,6369.0,17420.0,30721.0,28723.0,29625.0,29686.0,31520.0,32539.0,31829.0,12340.0,15604.0,10318.0,15085.0,17481.0,12605.0,7706.0,5339.0,486534.0,26733.0,29234.0,29420.0,17724.0,11840.0,6838.0,6626.0,16863.0,31380.0,29643.0,30000.0,30858.0,32143.0,33889.0,33939.0,13135.0,18283.0,12923.0,15138.0,20835.0,16131.0,11438.0,11521.0,174
178,"Cincinnati-Wilmington-Maysville, OH-KY-IN CSA",2215759,1085902.0,72255.0,73843.0,78238.0,46711.0,30612.0,15586.0,15999.0,44069.0,73953.0,70589.0,66682.0,69419.0,72576.0,77828.0,75260.0,28384.0,37771.0,23040.0,27304.0,34129.0,23025.0,14884.0,13745.0,1129857.0,68072.0,73982.0,72572.0,44218.0,29017.0,13977.0,15502.0,43654.0,73611.0,72520.0,68186.0,70849.0,74944.0,81013.0,79689.0,30891.0,40594.0,24917.0,31018.0,40792.0,29851.0,22774.0,27214.0,178
194,"Columbus-Auburn-Opelika, GA-AL CSA",500471,247573.0,17036.0,17043.0,16057.0,9607.0,9474.0,6490.0,5530.0,14770.0,20801.0,17580.0,14805.0,15149.0,14444.0,15059.0,15273.0,4862.0,7185.0,4146.0,5933.0,6830.0,4274.0,2976.0,2249.0,252898.0,16407.0,15381.0,15940.0,9322.0,7883.0,5244.0,4951.0,12479.0,19131.0,17014.0,15783.0,15412.0,15507.0,16407.0,15532.0,6247.0,8109.0,5346.0,6678.0,8634.0,6647.0,4299.0,4545.0,194
184,"Cleveland-Akron-Canton, OH CSA",3493279,1693387.0,99887.0,104023.0,111098.0,71293.0,45686.0,23508.0,21373.0,70069.0,107948.0,102344.0,98904.0,101099.0,112152.0,123588.0,128534.0,48902.0,65184.0,40309.0,51642.0,62089.0,44538.0,30177.0,29040.0,1799892.0,95561.0,99953.0,106982.0,67926.0,43509.0,22818.0,22551.0,68422.0,108370.0,104925.0,100799.0,106149.0,117981.0,131368.0,137342.0,52145.0,71554.0,44668.0,58383.0,76603.0,57969.0,44935.0,58979.0,184
185,"Cleveland-Indianola, MS CSA",60036,29727.0,1979.0,1952.0,2138.0,1349.0,931.0,441.0,506.0,1487.0,2641.0,2297.0,1927.0,1709.0,1921.0,1881.0,1696.0,644.0,996.0,710.0,660.0,789.0,514.0,290.0,269.0,30309.0,1982.0,1921.0,2182.0,1044.0,1046.0,534.0,531.0,1211.0,2047.0,1847.0,1661.0,1892.0,1818.0,1952.0,2139.0,769.0,1063.0,684.0,844.0,1107.0,796.0,525.0,714.0,185
188,"Clovis-Portales, NM CSA",69596,35804.0,2945.0,2384.0,2655.0,1471.0,1370.0,535.0,1191.0,2503.0,3310.0,2634.0,2142.0,1931.0,1679.0,1867.0,1682.0,649.0,1101.0,607.0,739.0,832.0,812.0,426.0,339.0,33792.0,2642.0,2810.0,2029.0,1316.0,998.0,719.0,880.0,1627.0,2675.0,2463.0,1863.0,1849.0,1711.0,1961.0,1966.0,770.0,898.0,555.0,762.0,1070.0,784.0,689.0,755.0,188
190,"Columbia-Moberly-Mexico, MO CSA",225339,109631.0,7049.0,6859.0,6560.0,4005.0,4431.0,3519.0,3711.0,7257.0,8970.0,7639.0,6610.0,6406.0,6037.0,6591.0,5804.0,2937.0,3292.0,2019.0,2445.0,2991.0,2156.0,1391.0,952.0,115708.0,6454.0,6202.0,6419.0,3658.0,5485.0,3207.0,4191.0,8060.0,9089.0,7864.0,6677.0,6400.0,6387.0,7020.0,6796.0,2414.0,3996.0,1905.0,2972.0,3502.0,2501.0,2219.0,2290.0,190
192,"Columbia-Orangeburg-Newberry, SC CSA",935407,452954.0,27914.0,29736.0,30486.0,18608.0,18387.0,8635.0,8464.0,21789.0,32529.0,29201.0,27447.0,28131.0,28115.0,30299.0,27660.0,11368.0,16436.0,9760.0,12295.0,15650.0,9658.0,5880.0,4506.0,482453.0,27085.0,28011.0,30373.0,17846.0,16798.0,7263.0,7981.0,21847.0,32746.0,30853.0,29173.0,30046.0,30902.0,33365.0,32905.0,12814.0,17437.0,10488.0,14614.0,18503.0,12514.0,9165.0,9724.0,192
198,"Columbus-Marion-Zanesville, OH CSA",2426577,1198341.0,81712.0,83312.0,79570.0,49265.0,32851.0,17716.0,15880.0,49404.0,93997.0,86449.0,82167.0,79720.0,81213.0,82550.0,78502.0,28245.0,37739.0,22953.0,29157.0,34601.0,22958.0,15303.0,13077.0,1228236.0,78488.0,78668.0,77674.0,46621.0,30820.0,16163.0,15815.0,48361.0,92907.0,86176.0,81160.0,78635.0,80325.0,83448.0,82406.0,29357.0,42402.0,25615.0,33128.0,42371.0,30850.0,21631.0,25215.0,198
209,"Davenport-Moline, IA-IL CSA",473651,233222.0,15018.0,15652.0,15887.0,9631.0,6052.0,3399.0,2879.0,8124.0,14340.0,15228.0,14419.0,14206.0,14847.0,15982.0,16278.0,6611.0,9177.0,5279.0,6929.0,9189.0,6320.0,4008.0,3767.0,240429.0,14752.0,14731.0,15695.0,9091.0,5592.0,2991.0,2827.0,8324.0,14351.0,14749.0,14830.0,13425.0,14784.0,16659.0,17046.0,6776.0,9245.0,5791.0,7567.0,9868.0,7405.0,6148.0,7782.0,209
200,"Columbus-West Point, MS CSA",79548,37804.0,2548.0,2976.0,2539.0,1572.0,1025.0,576.0,488.0,1763.0,2707.0,2418.0,2430.0,2011.0,2269.0,2500.0,2609.0,764.0,1542.0,920.0,938.0,1348.0,901.0,566.0,394.0,41744.0,2523.0,2543.0,2617.0,1689.0,1045.0,564.0,637.0,1796.0,2794.0,2635.0,2593.0,2427.0,2536.0,2897.0,3056.0,1169.0,1274.0,983.0,1062.0,1640.0,1405.0,1043.0,816.0,200
204,"Corpus Christi-Kingsville-Alice, TX CSA",523605,259580.0,18594.0,19662.0,18215.0,11555.0,8008.0,4652.0,3866.0,11678.0,19295.0,18198.0,15502.0,15742.0,14750.0,16408.0,16222.0,5741.0,8476.0,5362.0,6758.0,8181.0,5893.0,3886.0,2936.0,264025.0,17743.0,17449.0,18435.0,11040.0,7202.0,3689.0,3899.0,11969.0,18174.0,17378.0,16582.0,15379.0,15323.0,17116.0,16618.0,6201.0,9123.0,5591.0,7243.0,9532.0,7464.0,5778.0,5097.0,204
206,"Dallas-Fort Worth, TX-OK CSA",7540444,3708592.0,271922.0,286309.0,289144.0,168575.0,99344.0,50128.0,50512.0,150860.0,271018.0,270866.0,259522.0,261187.0,256869.0,253302.0,226201.0,77765.0,101419.0,61214.0,79363.0,93820.0,62180.0,38079.0,28993.0,3831852.0,260232.0,279411.0,274549.0,162688.0,94680.0,48085.0,46181.0,152552.0,275705.0,279135.0,270685.0,272250.0,261055.0,257272.0,234257.0,86869.0,111160.0,68471.0,89629.0,114122.0,79260.0,55679.0,57925.0,206
212,"Dayton-Springfield-Sidney, OH CSA",1076239,523918.0,32968.0,34965.0,34625.0,21704.0,14925.0,8639.0,8029.0,20168.0,34645.0,32198.0,30234.0,30463.0,33267.0,37110.0,36275.0,14580.0,19757.0,12199.0,15073.0,20284.0,14060.0,9392.0,8358.0,552321.0,31478.0,31051.0,34747.0,20825.0,14322.0,8407.0,7080.0,20830.0,34352.0,32902.0,31331.0,31534.0,34584.0,38655.0,40290.0,14973.0,21170.0,13246.0,18271.0,23820.0,18912.0,14048.0,15493.0,212
216,"Denver-Aurora, CO CSA",3401195,1698921.0,109103.0,116861.0,115890.0,66140.0,42979.0,21320.0,23271.0,67924.0,136594.0,138322.0,126087.0,122067.0,116349.0,113036.0,108330.0,38801.0,53910.0,32322.0,40030.0,45646.0,29656.0,18143.0,16140.0,1702274.0,103695.0,111276.0,110407.0,63428.0,40759.0,20952.0,20470.0,66218.0,130507.0,132742.0,121939.0,116440.0,113794.0,114559.0,110960.0,42362.0,57547.0,34574.0,43138.0,54168.0,36552.0,25191.0,30596.0,216
217,"DeRidder-Fort Polk South, LA CSA",88504,46245.0,3514.0,2815.0,3367.0,1834.0,1420.0,1187.0,1064.0,2886.0,4159.0,3587.0,3231.0,2674.0,2541.0,2449.0,2387.0,1028.0,1088.0,816.0,980.0,1321.0,972.0,637.0,288.0,42259.0,3368.0,3367.0,2491.0,1678.0,901.0,727.0,553.0,1906.0,3290.0,3027.0,2698.0,2563.0,2400.0,2488.0,2353.0,898.0,1491.0,717.0,1100.0,1781.0,963.0,698.0,801.0,217
218,"Des Moines-Ames-West Des Moines, IA CSA",782171,388730.0,27115.0,27375.0,26960.0,15705.0,13762.0,6988.0,7066.0,18144.0,28273.0,28902.0,26468.0,24892.0,24810.0,24855.0,23101.0,9489.0,11459.0,7269.0,8779.0,10543.0,7525.0,4795.0,4455.0,393441.0,25757.0,25643.0,26202.0,14830.0,11947.0,7503.0,5722.0,17273.0,27682.0,28013.0,25638.0,24213.0,24723.0,25269.0,25021.0,9342.0,12364.0,8106.0,9682.0,12343.0,9450.0,7502.0,9216.0,218
238,"El Paso-Las Cruces, TX-NM CSA",1052376,516134.0,41256.0,39463.0,41624.0,24607.0,17325.0,9476.0,11482.0,29079.0,40955.0,35925.0,31246.0,31178.0,28786.0,28636.0,28195.0,8671.0,13293.0,7843.0,9805.0,14780.0,10217.0,6851.0,5441.0,536242.0,39431.0,38263.0,40901.0,24076.0,16506.0,9174.0,9365.0,26185.0,37426.0,34737.0,31694.0,34046.0,31799.0,32712.0,31014.0,11983.0,15439.0,9398.0,11950.0,17128.0,13347.0,10002.0,9666.0,238
232,"Eau Claire-Menomonie, WI CSA",210093,105682.0,6141.0,6358.0,6639.0,3676.0,4153.0,2486.0,2832.0,5483.0,7062.0,7166.0,6835.0,5525.0,6364.0,7223.0,7110.0,2459.0,3867.0,2325.0,2854.0,3669.0,2328.0,1690.0,1437.0,104411.0,5748.0,6354.0,5671.0,3591.0,4501.0,2447.0,2791.0,5781.0,6282.0,6475.0,5618.0,5563.0,5986.0,6715.0,7271.0,2764.0,3575.0,2454.0,2984.0,3765.0,2748.0,2260.0,3067.0,232
233,"Edwards-Glenwood Springs, CO CSA",129418,67257.0,4261.0,4749.0,4053.0,2382.0,1476.0,702.0,605.0,2520.0,5192.0,5504.0,5834.0,4235.0,4839.0,4640.0,4554.0,1938.0,2415.0,1836.0,1725.0,1527.0,1355.0,503.0,412.0,62161.0,3782.0,4427.0,3841.0,2430.0,1387.0,729.0,458.0,2231.0,4477.0,4754.0,4780.0,4342.0,4453.0,4546.0,4509.0,1373.0,2433.0,1384.0,1672.0,1782.0,999.0,505.0,867.0,233
236,"Elmira-Corning, NY CSA",184422,91568.0,5404.0,5458.0,6117.0,3702.0,2247.0,1349.0,1339.0,2914.0,5672.0,5542.0,5186.0,5778.0,6153.0,6806.0,6885.0,2707.0,3790.0,2167.0,2773.0,3663.0,2539.0,1684.0,1693.0,92854.0,5235.0,5453.0,5684.0,3473.0,2235.0,1167.0,1299.0,3060.0,5073.0,5317.0,5055.0,5457.0,5904.0,6988.0,7193.0,2615.0,3678.0,2192.0,3266.0,4010.0,3228.0,2240.0,3032.0,236
221,"Dixon-Sterling, IL CSA",91493,46365.0,2503.0,3026.0,2646.0,1792.0,1063.0,635.0,620.0,1459.0,2966.0,2798.0,2659.0,3138.0,3071.0,3367.0,3669.0,1331.0,1865.0,1095.0,1419.0,1949.0,1289.0,1016.0,989.0,45128.0,2549.0,2808.0,2656.0,1792.0,920.0,440.0,431.0,1539.0,2371.0,2390.0,2480.0,2543.0,2861.0,3203.0,3514.0,1108.0,2028.0,1130.0,1575.0,2084.0,1782.0,1278.0,1646.0,221
222,"Dothan-Enterprise-Ozark, AL CSA",248256,120870.0,7813.0,7965.0,8827.0,5157.0,2784.0,1535.0,1442.0,4766.0,8030.0,7706.0,7224.0,7803.0,7865.0,8208.0,8459.0,3249.0,3819.0,2791.0,3835.0,4742.0,3240.0,2071.0,1539.0,127386.0,7362.0,7680.0,7868.0,5081.0,2622.0,1216.0,1665.0,4422.0,7991.0,8003.0,7941.0,8089.0,8088.0,8808.0,9287.0,3411.0,4270.0,2947.0,4300.0,5721.0,4632.0,3050.0,2932.0,222
220,"Detroit-Warren-Ann Arbor, MI CSA",5325207,2592594.0,158191.0,164772.0,176643.0,112013.0,70299.0,36723.0,38556.0,112565.0,173665.0,157435.0,154387.0,164148.0,180127.0,191876.0,188731.0,71024.0,92832.0,56149.0,70379.0,89555.0,56889.0,39170.0,36465.0,2732613.0,150975.0,157753.0,169003.0,107317.0,66046.0,34122.0,36200.0,112324.0,172110.0,162332.0,162879.0,172903.0,188769.0,201125.0,202427.0,75441.0,102986.0,63940.0,81197.0,105470.0,75647.0,59775.0,71872.0,220
260,"Fresno-Madera, CA CSA",1126056,559250.0,46327.0,45916.0,45539.0,26341.0,16585.0,8917.0,9042.0,26367.0,44568.0,40197.0,36251.0,32734.0,32385.0,32414.0,29178.0,12403.0,15158.0,9155.0,11233.0,15597.0,9955.0,6926.0,6062.0,566806.0,44378.0,45815.0,42184.0,25462.0,15682.0,8971.0,8973.0,24970.0,43123.0,39528.0,36519.0,32835.0,32702.0,33449.0,32555.0,12137.0,15392.0,9643.0,13515.0,16694.0,11783.0,8724.0,11772.0,260
264,"Gainesville-Lake City, FL CSA",345540,170120.0,9658.0,9476.0,8707.0,5552.0,8760.0,5348.0,6660.0,12058.0,13868.0,11556.0,9035.0,9786.0,8998.0,9625.0,9150.0,4291.0,5758.0,3311.0,4640.0,5675.0,3481.0,2530.0,2197.0,175420.0,9318.0,9263.0,7946.0,5374.0,8434.0,5811.0,6285.0,11743.0,13678.0,11121.0,9232.0,8987.0,9100.0,10333.0,11319.0,4471.0,6074.0,4118.0,5081.0,6103.0,4348.0,3300.0,3981.0,264
266,"Grand Rapids-Wyoming-Muskegon, MI CSA",1433362,712630.0,47291.0,50524.0,49474.0,30919.0,21405.0,11983.0,10496.0,32028.0,49604.0,47384.0,44493.0,42762.0,45541.0,49416.0,47963.0,18066.0,24271.0,14668.0,17892.0,22124.0,14857.0,10187.0,9282.0,720732.0,45046.0,46307.0,48815.0,29193.0,21475.0,10750.0,11100.0,30286.0,48214.0,46218.0,43324.0,42092.0,45057.0,49547.0,49263.0,18179.0,25724.0,15651.0,19431.0,25064.0,18095.0,14249.0,17652.0,266
267,"Green Bay-Shawano, WI CSA",361489,180386.0,11551.0,11857.0,12634.0,7471.0,4456.0,2191.0,2264.0,7111.0,11504.0,11860.0,11288.0,11073.0,12262.0,13750.0,13525.0,4665.0,6344.0,3536.0,4938.0,6349.0,4448.0,2793.0,2516.0,181103.0,10980.0,12128.0,11425.0,7009.0,4463.0,2271.0,2040.0,6734.0,10969.0,11388.0,11475.0,10355.0,11832.0,13771.0,12894.0,4670.0,6876.0,3829.0,5455.0,6821.0,5073.0,4170.0,4475.0,267
268,"Greensboro--Winston-Salem--High Point, NC CSA",1639944,786547.0,48432.0,52792.0,54436.0,33471.0,22577.0,11775.0,11537.0,29045.0,49695.0,46622.0,46671.0,51497.0,56120.0,57480.0,55565.0,19471.0,27552.0,17196.0,23733.0,28208.0,20284.0,12313.0,10075.0,853397.0,46575.0,52301.0,50877.0,32500.0,24342.0,12451.0,11884.0,30128.0,54170.0,50571.0,50927.0,55231.0,59178.0,61024.0,59629.0,22075.0,31296.0,19121.0,27117.0,35419.0,26366.0,19858.0,20357.0,268
273,"Greenville-Spartanburg-Anderson, SC CSA",1425211,691333.0,43234.0,46772.0,46513.0,28376.0,20381.0,10674.0,11275.0,28338.0,45668.0,41894.0,42180.0,43397.0,46247.0,48324.0,45673.0,17608.0,24196.0,15260.0,21789.0,26533.0,17710.0,10711.0,8580.0,733878.0,42450.0,44855.0,45029.0,27156.0,19765.0,10427.0,10748.0,28856.0,47375.0,43958.0,43816.0,45383.0,48408.0,50629.0,50818.0,18355.0,27170.0,18267.0,23163.0,31579.0,22173.0,16689.0,16809.0,273
274,"Greenville-Washington, NC CSA",223800,105905.0,6659.0,6581.0,7448.0,4256.0,4235.0,2797.0,3314.0,6292.0,7254.0,6235.0,6205.0,6310.0,6135.0,6240.0,6386.0,2267.0,3697.0,2812.0,2809.0,3167.0,2506.0,1536.0,764.0,117895.0,6338.0,6540.0,6661.0,3957.0,5292.0,3028.0,3603.0,7432.0,7840.0,7130.0,7064.0,6802.0,6868.0,7036.0,7547.0,3141.0,3661.0,2751.0,3377.0,4029.0,3083.0,2282.0,2433.0,274
276,"Harrisburg-York-Lebanon, PA CSA",1246429,612883.0,36940.0,38776.0,39743.0,24526.0,16127.0,8405.0,9051.0,22287.0,39130.0,38611.0,36572.0,38327.0,42401.0,45258.0,45006.0,17243.0,22051.0,14477.0,18676.0,22842.0,16489.0,10739.0,9206.0,633546.0,34929.0,36892.0,37821.0,23326.0,15901.0,8235.0,7852.0,21928.0,38182.0,38216.0,36037.0,39034.0,42810.0,46140.0,47576.0,17156.0,24133.0,16126.0,20746.0,26047.0,20423.0,16080.0,17956.0,276
277,"Harrisonburg-Staunton-Waynesboro, VA CSA",252000,123162.0,6947.0,7099.0,7726.0,4425.0,5403.0,2311.0,2812.0,5824.0,7926.0,7681.0,7068.0,7875.0,7672.0,8191.0,8150.0,3457.0,3818.0,2696.0,3619.0,4847.0,3682.0,2138.0,1795.0,128838.0,6492.0,6682.0,6944.0,4301.0,7109.0,3349.0,2965.0,5408.0,7906.0,7106.0,6780.0,7810.0,7735.0,8409.0,9244.0,3255.0,4063.0,2950.0,3782.0,5476.0,4479.0,3232.0,3361.0,277
278,"Hartford-West Hartford, CT CSA",1483895,727699.0,38109.0,41359.0,46834.0,29717.0,23095.0,12017.0,12441.0,32933.0,48657.0,45642.0,41753.0,44944.0,50026.0,55566.0,54274.0,19251.0,26382.0,15623.0,20994.0,26006.0,17675.0,12206.0,12195.0,756196.0,36452.0,39780.0,44397.0,28211.0,21747.0,11673.0,10957.0,28222.0,44579.0,45625.0,42610.0,46230.0,53106.0,58621.0,56670.0,20930.0,28953.0,17515.0,23234.0,31094.0,22357.0,18115.0,25118.0,278
280,"Hickory-Lenoir, NC CSA",409113,202209.0,10602.0,12756.0,12920.0,8592.0,4926.0,2850.0,2030.0,7602.0,12235.0,11208.0,11755.0,13727.0,15248.0,15524.0,15008.0,5376.0,7529.0,5479.0,6709.0,8225.0,5812.0,3529.0,2567.0,206904.0,10472.0,11756.0,12312.0,7813.0,4542.0,2637.0,2007.0,6817.0,11372.0,10848.0,12271.0,13374.0,14667.0,15435.0,15625.0,5803.0,8358.0,5596.0,7394.0,9997.0,7510.0,5287.0,5011.0,280
284,"Hot Springs-Malvern, AR CSA",131474,64563.0,3837.0,4102.0,3606.0,2373.0,1534.0,1036.0,840.0,1836.0,4096.0,3971.0,3387.0,3844.0,4115.0,4384.0,4495.0,1916.0,2590.0,1619.0,2312.0,3443.0,2486.0,1674.0,1067.0,66911.0,3214.0,3941.0,3530.0,2461.0,1174.0,697.0,709.0,2203.0,3902.0,3467.0,3932.0,3691.0,4154.0,4522.0,5273.0,1862.0,2576.0,2059.0,3109.0,3541.0,2415.0,2229.0,2250.0,284
288,"Houston-The Woodlands, TX CSA",6834348,3401561.0,258586.0,264813.0,258269.0,152344.0,91503.0,49028.0,46028.0,144129.0,257390.0,261884.0,244218.0,240818.0,225397.0,218242.0,204402.0,74616.0,94725.0,54675.0,69681.0,83288.0,49992.0,32499.0,25034.0,3432787.0,247692.0,254772.0,247590.0,146209.0,85886.0,45279.0,42619.0,141396.0,251555.0,257746.0,242974.0,241152.0,226086.0,221940.0,208753.0,76944.0,104124.0,60430.0,77136.0,94275.0,62432.0,48020.0,47777.0,288
294,"Indianapolis-Carmel-Muncie, IN CSA",2371030,1161586.0,80506.0,83986.0,83773.0,49918.0,30652.0,15682.0,15707.0,49814.0,81470.0,79939.0,77770.0,77592.0,78280.0,80516.0,74952.0,27409.0,37280.0,22997.0,27606.0,34366.0,23543.0,15205.0,12623.0,1209444.0,76439.0,79559.0,80822.0,48002.0,29473.0,16822.0,15290.0,48463.0,83537.0,82730.0,80037.0,76654.0,79386.0,83386.0,81005.0,29126.0,40149.0,25817.0,32060.0,41307.0,30420.0,22847.0,26113.0,294
258,"Fort Wayne-Huntington-Auburn, IN CSA",625002,307496.0,22040.0,22379.0,23154.0,13835.0,8240.0,3869.0,4848.0,12223.0,20214.0,19205.0,18856.0,18947.0,19435.0,21043.0,20896.0,8023.0,10763.0,6834.0,8287.0,9477.0,7033.0,4145.0,3750.0,317506.0,20693.0,21948.0,22062.0,13424.0,7574.0,3753.0,3988.0,12430.0,20227.0,19472.0,19968.0,18344.0,19541.0,21536.0,21983.0,8093.0,11321.0,7440.0,9186.0,11124.0,8351.0,6441.0,8607.0,258
240,"Erie-Meadville, PA CSA",364641,179632.0,10488.0,11659.0,11171.0,7425.0,5959.0,2785.0,2852.0,7313.0,12155.0,10899.0,10217.0,9995.0,11388.0,12444.0,13140.0,5047.0,7374.0,4163.0,5552.0,6817.0,4652.0,3268.0,2869.0,185009.0,10007.0,10485.0,10977.0,6792.0,5924.0,2744.0,2791.0,6996.0,11883.0,10661.0,9731.0,10751.0,11702.0,12797.0,14181.0,5241.0,7037.0,4461.0,5994.0,7759.0,6251.0,4359.0,5485.0,240
244,"Fargo-Wahpeton, ND-MN CSA",255391,128545.0,8971.0,8552.0,7327.0,4355.0,5136.0,2879.0,3561.0,8053.0,11201.0,10068.0,8354.0,7679.0,7285.0,7502.0,7174.0,2601.0,4360.0,2323.0,2575.0,2992.0,2226.0,1693.0,1678.0,126846.0,8731.0,8011.0,7204.0,4330.0,5076.0,3334.0,2747.0,8005.0,9876.0,9105.0,8258.0,6495.0,6948.0,7328.0,7562.0,2758.0,4189.0,1980.0,2675.0,3645.0,2681.0,2616.0,3292.0,244
246,"Fayetteville-Lumberton-Laurinburg, NC CSA",554969,274028.0,21175.0,20054.0,18948.0,11252.0,9113.0,6174.0,6629.0,16524.0,25168.0,19717.0,16619.0,15636.0,15207.0,15776.0,15042.0,5902.0,7339.0,4875.0,5939.0,7218.0,4081.0,3636.0,2004.0,280941.0,20617.0,19220.0,18205.0,11094.0,7481.0,4166.0,3960.0,13819.0,22778.0,19787.0,17800.0,16957.0,16954.0,17808.0,17336.0,6476.0,8902.0,5377.0,7170.0,8947.0,6720.0,4470.0,4897.0,246
248,"Findlay-Tiffin, OH CSA",131057,64943.0,3786.0,4074.0,4625.0,2662.0,2159.0,912.0,960.0,2758.0,4199.0,4107.0,3965.0,3695.0,4105.0,4515.0,5035.0,1857.0,2253.0,1549.0,1795.0,2231.0,1439.0,1074.0,1188.0,66114.0,3621.0,3823.0,4294.0,2515.0,2164.0,948.0,1088.0,2288.0,4106.0,3880.0,3830.0,3873.0,3970.0,4583.0,4590.0,2013.0,2593.0,1636.0,2010.0,2562.0,1959.0,1740.0,2028.0,248
290,"Huntsville-Decatur-Albertville, AL CSA",763285,375481.0,23278.0,24986.0,25682.0,16036.0,9977.0,4450.0,5488.0,15163.0,25279.0,24807.0,23826.0,23693.0,25768.0,28532.0,26241.0,9568.0,12586.0,7357.0,10532.0,13320.0,8958.0,5959.0,3995.0,387804.0,22261.0,23363.0,25051.0,15296.0,9112.0,4325.0,5539.0,14090.0,24881.0,24292.0,23985.0,24241.0,26629.0,29369.0,27509.0,9668.0,13706.0,8912.0,11219.0,16134.0,11509.0,8712.0,8001.0,290
292,"Idaho Falls-Rexburg-Blackfoot, ID CSA",236926,119032.0,10615.0,10457.0,10407.0,5982.0,3452.0,1833.0,1712.0,7046.0,8586.0,7754.0,7377.0,6317.0,5865.0,6473.0,6147.0,2660.0,3441.0,1978.0,2877.0,3028.0,2278.0,1431.0,1316.0,117894.0,9947.0,9845.0,10133.0,5508.0,4442.0,2038.0,2064.0,5843.0,7931.0,7639.0,7305.0,6085.0,5665.0,6310.0,5976.0,2867.0,3573.0,2012.0,2852.0,3495.0,2579.0,1829.0,1956.0,292
296,"Ithaca-Cortland, NY CSA",152749,74840.0,3533.0,3315.0,3775.0,2501.0,6162.0,3789.0,2917.0,5410.0,5113.0,4404.0,3795.0,3608.0,4112.0,4433.0,4783.0,1728.0,2056.0,1602.0,2030.0,2355.0,1565.0,974.0,880.0,77909.0,3304.0,3790.0,2973.0,2138.0,6834.0,3767.0,3884.0,4366.0,4951.0,4357.0,4291.0,3778.0,4033.0,4694.0,4779.0,2043.0,2584.0,1619.0,2242.0,2536.0,1731.0,1288.0,1927.0,296
297,"Jackson-Brownsville, TN CSA",147482,69967.0,4719.0,4616.0,4846.0,3178.0,2436.0,1175.0,1089.0,3020.0,4312.0,4063.0,4109.0,4006.0,4347.0,4799.0,4867.0,1869.0,2427.0,1665.0,2077.0,2631.0,1832.0,1023.0,861.0,77515.0,4463.0,4258.0,5118.0,2800.0,2674.0,1072.0,1244.0,2933.0,5190.0,4567.0,4651.0,4370.0,4797.0,5419.0,5494.0,2066.0,2943.0,1945.0,2320.0,3109.0,2465.0,1635.0,1982.0,297
298,"Jackson-Vicksburg-Brookhaven, MS CSA",669723,320012.0,21801.0,23982.0,23741.0,14499.0,9362.0,5086.0,4367.0,13327.0,22492.0,21773.0,21143.0,20301.0,19647.0,21287.0,20757.0,7516.0,10653.0,6708.0,7879.0,9881.0,6407.0,4202.0,3201.0,349711.0,21442.0,21675.0,24054.0,14083.0,9718.0,4599.0,5155.0,14040.0,24125.0,23819.0,23897.0,20670.0,21773.0,23381.0,24121.0,8211.0,12572.0,7497.0,9365.0,12223.0,8770.0,6382.0,8139.0,298
308,"Jonesboro-Paragould, AR CSA",172541,84388.0,6088.0,5935.0,5976.0,3698.0,2467.0,1410.0,1465.0,3903.0,6526.0,5401.0,5645.0,5492.0,5138.0,5312.0,5003.0,1672.0,2664.0,1500.0,2601.0,2542.0,1901.0,1212.0,837.0,88153.0,5554.0,6439.0,5220.0,3467.0,2488.0,1039.0,1342.0,3700.0,6659.0,5773.0,5500.0,5716.0,5375.0,5559.0,5210.0,1937.0,3173.0,1941.0,2296.0,3556.0,2466.0,1876.0,1867.0,308
300,"Jacksonville-St. Marys-Palatka, FL-GA CSA",1572571,767978.0,50093.0,51464.0,50203.0,30658.0,19230.0,10730.0,10241.0,32963.0,58520.0,52918.0,47715.0,48373.0,50466.0,54366.0,51819.0,19240.0,25702.0,16995.0,21621.0,27742.0,16797.0,10717.0,9405.0,804593.0,48338.0,47456.0,49953.0,29740.0,17295.0,10992.0,9992.0,29549.0,57807.0,53843.0,50082.0,50968.0,53259.0,58402.0,57832.0,21500.0,29072.0,18810.0,24404.0,32122.0,21286.0,15432.0,16459.0,300
304,"Johnson City-Kingsport-Bristol, TN-VA CSA",507512,247498.0,12408.0,14282.0,14786.0,9089.0,6203.0,3302.0,3361.0,9369.0,15086.0,14052.0,14180.0,16390.0,17556.0,17919.0,17296.0,6579.0,10982.0,6376.0,8938.0,12117.0,8639.0,4701.0,3887.0,260014.0,12288.0,13052.0,14738.0,9018.0,6063.0,3486.0,2941.0,9804.0,14471.0,13964.0,14583.0,16348.0,17400.0,18608.0,19266.0,7960.0,10700.0,7289.0,9775.0,13434.0,10633.0,7040.0,7153.0,304
306,"Johnstown-Somerset, PA CSA",211490,106066.0,5172.0,5631.0,5863.0,3819.0,2731.0,1676.0,1217.0,4016.0,6209.0,5926.0,6330.0,6267.0,7250.0,7908.0,8498.0,3381.0,4912.0,2772.0,3856.0,4703.0,3411.0,2423.0,2095.0,105424.0,4935.0,5823.0,5329.0,3559.0,2530.0,1276.0,1211.0,3508.0,5217.0,5194.0,5662.0,5865.0,6465.0,7456.0,8249.0,3205.0,4989.0,3077.0,3623.0,5366.0,4348.0,3657.0,4880.0,306
309,"Joplin-Miami, MO-OK CSA",208484,102190.0,7371.0,6912.0,7966.0,4576.0,2815.0,1645.0,1383.0,4281.0,6715.0,6444.0,6457.0,6168.0,6075.0,6771.0,6167.0,2648.0,3501.0,2188.0,2993.0,3427.0,2587.0,1695.0,1405.0,106294.0,6816.0,6762.0,7316.0,4290.0,2648.0,1522.0,1440.0,3838.0,6985.0,6689.0,6792.0,5919.0,6416.0,6716.0,7318.0,2562.0,3760.0,2375.0,3207.0,4357.0,3558.0,2723.0,2285.0,309
310,"Kalamazoo-Battle Creek-Portage, MI CSA",530237,260560.0,16754.0,16556.0,17995.0,10824.0,8119.0,4499.0,4834.0,15330.0,17093.0,15981.0,14623.0,15749.0,15952.0,17018.0,16674.0,7423.0,9580.0,5778.0,7102.0,8888.0,6219.0,4063.0,3506.0,269677.0,16023.0,16194.0,16960.0,10184.0,7901.0,5377.0,5331.0,13461.0,16126.0,16249.0,15071.0,16066.0,15972.0,17762.0,18191.0,7530.0,10082.0,6727.0,8020.0,9766.0,7860.0,5824.0,7000.0,310
312,"Kansas City-Overland Park-Kansas City, MO-KS CSA",2429779,1196483.0,81293.0,84029.0,85582.0,49779.0,30968.0,16714.0,15884.0,52344.0,86272.0,86081.0,82025.0,75469.0,76395.0,82343.0,78593.0,28736.0,38751.0,23164.0,29161.0,37357.0,24063.0,16682.0,14798.0,1233296.0,78376.0,81320.0,80647.0,48017.0,30183.0,17147.0,15333.0,49218.0,83840.0,85555.0,78883.0,77473.0,77227.0,84800.0,83786.0,30604.0,43229.0,26279.0,33184.0,43309.0,31514.0,24576.0,28796.0,312
314,"Knoxville-Morristown-Sevierville, TN CSA",1109627,542656.0,31185.0,33482.0,33968.0,21374.0,14653.0,8745.0,8652.0,22910.0,33974.0,32663.0,33291.0,34496.0,36523.0,38146.0,37708.0,14139.0,20135.0,13261.0,18140.0,23225.0,15489.0,9605.0,6892.0,566971.0,29341.0,31540.0,32783.0,20218.0,13440.0,8292.0,8083.0,22345.0,34079.0,33561.0,33260.0,34778.0,38065.0,40660.0,40775.0,15031.0,23131.0,14789.0,19474.0,26763.0,18904.0,13407.0,14252.0,314
316,"Kokomo-Peru, IN CSA",118492,58905.0,3657.0,3883.0,3783.0,2335.0,1164.0,789.0,791.0,2390.0,3820.0,3651.0,3900.0,3302.0,3921.0,4369.0,4319.0,1521.0,2091.0,1375.0,1799.0,2302.0,1643.0,1188.0,912.0,59587.0,3325.0,3221.0,4194.0,2316.0,1205.0,846.0,608.0,2133.0,3365.0,3437.0,3037.0,4010.0,3589.0,4226.0,4488.0,1544.0,2314.0,1721.0,1838.0,2843.0,1910.0,1497.0,1920.0,316
318,"Lafayette-Opelousas-Morgan City, LA CSA",623791,304348.0,22493.0,22643.0,21785.0,13129.0,7529.0,4624.0,4524.0,12325.0,23581.0,21165.0,20552.0,17119.0,18192.0,20444.0,19823.0,8193.0,9842.0,6131.0,7294.0,9338.0,6334.0,3969.0,3319.0,319443.0,21775.0,22047.0,20647.0,12945.0,7224.0,4647.0,4220.0,12734.0,23421.0,21726.0,20071.0,18341.0,19811.0,22475.0,22556.0,7644.0,10427.0,6003.0,8675.0,10974.0,8624.0,5932.0,6524.0,318
338,"Lima-Van Wert-Celina, OH CSA",218920,109831.0,7141.0,7638.0,7423.0,4743.0,3153.0,1828.0,1300.0,4598.0,6755.0,6390.0,6170.0,6773.0,6642.0,7604.0,8213.0,2896.0,4475.0,2671.0,3203.0,3615.0,2955.0,1843.0,1802.0,109089.0,6695.0,6859.0,7576.0,4517.0,2424.0,1164.0,1366.0,4079.0,6072.0,6146.0,6432.0,5800.0,6433.0,7744.0,7932.0,3182.0,4186.0,2814.0,3096.0,4515.0,3282.0,3084.0,3691.0,338
330,"Lansing-East Lansing-Owosso, MI CSA",540709,264286.0,15199.0,16358.0,15688.0,10543.0,11343.0,6848.0,6284.0,15146.0,18579.0,16409.0,15601.0,14865.0,16129.0,17347.0,17838.0,6991.0,8715.0,5587.0,7649.0,8652.0,5641.0,3908.0,2966.0,276423.0,14772.0,15010.0,16209.0,10137.0,11680.0,7039.0,7027.0,14096.0,17800.0,16573.0,16186.0,14878.0,16794.0,18504.0,18969.0,7469.0,10255.0,6095.0,7778.0,10491.0,6904.0,5288.0,6469.0,330
332,"Las Vegas-Henderson, NV-AZ CSA",2360423,1180966.0,75288.0,79318.0,76670.0,46469.0,27011.0,14553.0,14008.0,46945.0,86157.0,85060.0,80062.0,81390.0,80610.0,78903.0,73225.0,26845.0,38295.0,24346.0,35996.0,46407.0,31428.0,19246.0,12734.0,1179457.0,71743.0,74998.0,75547.0,44405.0,24783.0,14854.0,14527.0,43142.0,84086.0,83176.0,78023.0,79839.0,77945.0,77138.0,75411.0,29122.0,41924.0,28083.0,37890.0,49099.0,32847.0,20772.0,20103.0,332
336,"Lexington-Fayette--Richmond--Frankfort, KY CSA",723986,354413.0,22937.0,23792.0,22267.0,13443.0,11224.0,7607.0,6427.0,18423.0,25201.0,24309.0,23065.0,23918.0,23180.0,23811.0,22168.0,8415.0,11580.0,7207.0,9193.0,10820.0,7035.0,4406.0,3985.0,369573.0,21244.0,21627.0,22434.0,12972.0,12548.0,7631.0,7853.0,16515.0,25009.0,24249.0,24268.0,22975.0,23372.0,24994.0,23811.0,9468.0,13007.0,8319.0,10869.0,12693.0,9470.0,6590.0,7655.0,336
339,"Lincoln-Beatrice, NE CSA",345034,173186.0,11649.0,11513.0,11187.0,6274.0,6446.0,4338.0,4315.0,10355.0,12941.0,12470.0,11143.0,10374.0,9844.0,10250.0,10487.0,4143.0,5094.0,3165.0,4018.0,5257.0,3578.0,2207.0,2138.0,171848.0,10936.0,10789.0,11025.0,5961.0,6409.0,4048.0,4025.0,10360.0,10842.0,11547.0,10416.0,9582.0,9254.0,10247.0,11016.0,4172.0,5637.0,3635.0,4714.0,5390.0,3871.0,3669.0,4303.0,339
320,"Lafayette-West Lafayette-Frankfort, IN CSA",247215,125365.0,7715.0,7923.0,7419.0,4315.0,6990.0,4505.0,4683.0,11512.0,9399.0,7810.0,7021.0,6773.0,6562.0,6857.0,6446.0,2730.0,3647.0,1858.0,2662.0,3457.0,2236.0,1634.0,1211.0,121850.0,7361.0,7696.0,7064.0,4355.0,5995.0,4274.0,3982.0,7838.0,8616.0,7303.0,7112.0,6284.0,6432.0,6980.0,7182.0,2956.0,3443.0,2586.0,2937.0,3557.0,3005.0,1992.0,2900.0,320
324,"Lake Charles-Jennings, LA CSA",236964,115626.0,8346.0,8128.0,8666.0,4998.0,2968.0,1679.0,1907.0,4417.0,8595.0,7819.0,7311.0,6631.0,6845.0,7619.0,7820.0,3089.0,3935.0,2644.0,2933.0,3437.0,2600.0,2024.0,1215.0,121338.0,8038.0,8107.0,8034.0,4802.0,2710.0,1751.0,1716.0,4544.0,8873.0,8203.0,7021.0,7140.0,7289.0,8320.0,8794.0,3166.0,4008.0,2613.0,3684.0,4170.0,3128.0,2485.0,2742.0,324
340,"Little Rock-North Little Rock, AR CSA",902642,440783.0,30067.0,31430.0,29537.0,18393.0,12274.0,6824.0,6830.0,19457.0,31970.0,31194.0,29191.0,27882.0,27279.0,29159.0,28468.0,9471.0,14908.0,9150.0,11848.0,14556.0,9728.0,6190.0,4977.0,461859.0,28414.0,30221.0,28039.0,17464.0,11758.0,5980.0,6349.0,20082.0,32864.0,31364.0,29814.0,28662.0,28286.0,31034.0,30678.0,11353.0,16431.0,10449.0,12806.0,18229.0,12117.0,8921.0,10544.0,340
346,"Longview-Marshall, TX CSA",283540,140728.0,9948.0,10837.0,9722.0,5960.0,4036.0,1861.0,1682.0,6125.0,9564.0,9023.0,9020.0,8165.0,8579.0,9162.0,10285.0,3275.0,4322.0,2580.0,3602.0,5336.0,3733.0,2245.0,1666.0,142812.0,9578.0,9812.0,9652.0,5483.0,3470.0,1549.0,1942.0,5270.0,8849.0,9038.0,8748.0,8269.0,8592.0,9562.0,9809.0,3438.0,5295.0,2999.0,4557.0,5351.0,4401.0,3292.0,3856.0,346
348,"Los Angeles-Long Beach, CA CSA",18585594,9184303.0,606087.0,610907.0,628372.0,391950.0,260541.0,145266.0,144010.0,416127.0,742345.0,680680.0,622026.0,618959.0,630936.0,621740.0,566222.0,204170.0,262369.0,161166.0,200818.0,253124.0,178367.0,123508.0,114613.0,9401291.0,579303.0,585289.0,602032.0,376192.0,250993.0,139024.0,135038.0,404232.0,707314.0,658504.0,624523.0,632213.0,639865.0,637381.0,593747.0,219115.0,295294.0,180964.0,234763.0,304756.0,226453.0,172339.0,201957.0,348
359,"Mankato-New Ulm-North Mankato, MN CSA",124487,62352.0,3693.0,3666.0,3816.0,2077.0,3075.0,2349.0,2014.0,3190.0,4511.0,4162.0,3346.0,3589.0,3317.0,3715.0,3832.0,1415.0,2316.0,1171.0,1525.0,2122.0,1525.0,1036.0,890.0,62135.0,3370.0,3590.0,3510.0,2211.0,3130.0,1945.0,1898.0,3790.0,3720.0,3798.0,3404.0,3136.0,3109.0,3655.0,3966.0,1701.0,2011.0,1174.0,1619.0,2127.0,1584.0,1598.0,2089.0,359
350,"Louisville/Jefferson County--Elizabethtown--Madison, KY-IN CSA",1505880,736844.0,47957.0,48859.0,50259.0,30712.0,18268.0,9599.0,9866.0,29119.0,50957.0,49758.0,48745.0,47337.0,49813.0,53397.0,52346.0,17839.0,26603.0,16361.0,19392.0,24823.0,15805.0,10207.0,8822.0,769036.0,45322.0,46206.0,48437.0,29598.0,16963.0,10165.0,9402.0,27254.0,51571.0,50177.0,48695.0,48768.0,50621.0,55688.0,56522.0,20275.0,28479.0,17884.0,23302.0,28788.0,20214.0,15978.0,18727.0,350
352,"Lubbock-Levelland, TX CSA",332995,164460.0,11644.0,11511.0,11565.0,6506.0,7314.0,4885.0,4540.0,11572.0,13022.0,11604.0,10244.0,8292.0,8367.0,9100.0,9116.0,3013.0,4695.0,2538.0,3452.0,4352.0,3251.0,2252.0,1625.0,168535.0,11063.0,10866.0,11654.0,6433.0,7388.0,4392.0,4411.0,10502.0,12190.0,11213.0,9376.0,9548.0,8749.0,9702.0,9677.0,3416.0,5070.0,3164.0,3949.0,5044.0,4345.0,3182.0,3201.0,352
356,"Macon-Bibb County--Warner Robins, GA CSA",418730,201070.0,13749.0,14402.0,14892.0,9030.0,5968.0,2986.0,3003.0,8561.0,13911.0,13021.0,12317.0,12200.0,12451.0,14222.0,13686.0,5277.0,6192.0,4042.0,5541.0,6218.0,4474.0,2804.0,2123.0,217660.0,13206.0,13899.0,14340.0,8137.0,5763.0,3702.0,2712.0,8288.0,14813.0,14503.0,14085.0,12993.0,13909.0,15417.0,14922.0,5749.0,7457.0,4381.0,6431.0,8245.0,6344.0,3770.0,4594.0,356
357,"Madison-Janesville-Beloit, WI CSA",864638,429676.0,26074.0,27250.0,27370.0,16184.0,12358.0,8270.0,7527.0,22208.0,31296.0,31324.0,29494.0,25930.0,27610.0,29181.0,28233.0,10760.0,15289.0,8913.0,11928.0,12484.0,9001.0,5859.0,5133.0,434962.0,24728.0,26456.0,25326.0,15603.0,12228.0,7106.0,6858.0,22819.0,28784.0,30437.0,27856.0,26432.0,27678.0,30112.0,29900.0,11355.0,15036.0,9464.0,12150.0,15000.0,10526.0,8265.0,10843.0,357
358,"Manhattan-Junction City, KS CSA",134680,71081.0,5562.0,4785.0,3230.0,1995.0,3784.0,3292.0,3677.0,7926.0,8020.0,5491.0,4142.0,3179.0,2626.0,2705.0,2762.0,1021.0,1520.0,915.0,938.0,1397.0,891.0,677.0,546.0,63599.0,5211.0,4299.0,3575.0,1981.0,3394.0,2654.0,2561.0,5247.0,6038.0,4851.0,3607.0,2856.0,2633.0,2736.0,2873.0,1062.0,1225.0,897.0,1156.0,1547.0,1152.0,895.0,1149.0,358
365,"McAllen-Edinburg, TX CSA",902959,441198.0,44573.0,40731.0,43618.0,24758.0,14785.0,7577.0,7802.0,20107.0,30936.0,28609.0,28223.0,27916.0,24230.0,21386.0,17931.0,6304.0,9573.0,6120.0,7627.0,10337.0,8177.0,5798.0,4080.0,461761.0,42271.0,40772.0,41729.0,24174.0,14557.0,8590.0,6814.0,20027.0,30168.0,29587.0,30438.0,30105.0,27107.0,23415.0,20851.0,8003.0,10702.0,6910.0,8783.0,13199.0,10341.0,6391.0,6827.0,365
360,"Mansfield-Ashland-Bucyrus, OH CSA",217063,108313.0,6519.0,6293.0,7371.0,4413.0,2853.0,1343.0,1604.0,4466.0,6679.0,6618.0,6662.0,6454.0,7139.0,7432.0,7948.0,3084.0,3872.0,2562.0,3529.0,4195.0,3449.0,2108.0,1720.0,108750.0,6064.0,6341.0,6823.0,4210.0,2588.0,1608.0,1250.0,3706.0,5799.0,5845.0,5919.0,6158.0,6673.0,7473.0,8026.0,3363.0,4161.0,2509.0,4028.0,5203.0,4187.0,3113.0,3703.0,360
362,"Martin-Union City, TN-KY CSA",70694,34239.0,1990.0,1843.0,2184.0,1319.0,1295.0,683.0,632.0,1776.0,2050.0,1826.0,1910.0,2103.0,2229.0,2206.0,2234.0,994.0,1470.0,861.0,1103.0,1378.0,1043.0,688.0,422.0,36455.0,1900.0,2048.0,2040.0,1368.0,1459.0,803.0,698.0,1372.0,1842.0,1901.0,1892.0,2163.0,2261.0,2387.0,2721.0,814.0,1419.0,852.0,1329.0,1763.0,1286.0,1019.0,1118.0,362
364,"Mayagüez-San Germán, PR CSA",226255,107895.0,5243.0,6621.0,6318.0,4437.0,3882.0,1927.0,2097.0,5719.0,6657.0,5901.0,5446.0,6933.0,6503.0,6322.0,6797.0,2163.0,3800.0,2413.0,3794.0,5945.0,3803.0,3129.0,2045.0,118360.0,4966.0,5688.0,6462.0,4486.0,3676.0,2144.0,1920.0,5089.0,6465.0,6137.0,6831.0,6793.0,7210.0,7319.0,7117.0,2733.0,5270.0,2809.0,5222.0,6946.0,6083.0,3517.0,3477.0,364
370,"Miami-Fort Lauderdale-Port St. Lucie, FL CSA",6662481,3239370.0,189152.0,189952.0,192635.0,122225.0,77084.0,42028.0,40947.0,125245.0,224487.0,215304.0,210955.0,218671.0,230406.0,240000.0,214623.0,78079.0,103387.0,66488.0,93234.0,126891.0,98054.0,69527.0,69996.0,3423111.0,181534.0,181248.0,186504.0,116862.0,71764.0,40095.0,39768.0,120450.0,218276.0,215014.0,215041.0,224270.0,238334.0,250760.0,230427.0,85608.0,125877.0,81207.0,109313.0,154615.0,122017.0,97973.0,116154.0,370
372,"Midland-Odessa, TX CSA",321174,161992.0,14720.0,13498.0,12505.0,7153.0,4301.0,2984.0,2601.0,7214.0,14818.0,13553.0,10610.0,10005.0,8339.0,9156.0,8936.0,2995.0,4758.0,2418.0,2532.0,3301.0,2314.0,1760.0,1521.0,159182.0,13770.0,12663.0,12140.0,6553.0,4198.0,2270.0,2704.0,6869.0,13236.0,12073.0,10809.0,8376.0,8866.0,9521.0,9536.0,3779.0,3813.0,2485.0,3490.0,3464.0,3075.0,2495.0,2997.0,372
376,"Milwaukee-Racine-Waukesha, WI CSA",2045538,1003476.0,64236.0,67153.0,68978.0,41752.0,28059.0,13641.0,13879.0,41071.0,69117.0,67791.0,63612.0,61474.0,66124.0,72543.0,72741.0,26900.0,34366.0,21481.0,26713.0,30274.0,20896.0,16126.0,14549.0,1042062.0,61382.0,64714.0,66241.0,40802.0,26719.0,13958.0,12820.0,39760.0,68576.0,68842.0,63828.0,62681.0,67805.0,75246.0,75913.0,26897.0,37339.0,23173.0,27906.0,37045.0,27766.0,22592.0,30057.0,376
378,"Minneapolis-St. Paul, MN-WI CSA",3868014,1917699.0,129104.0,133742.0,130738.0,78294.0,50129.0,24378.0,24182.0,78653.0,139146.0,143974.0,131279.0,122159.0,130074.0,139391.0,132070.0,44661.0,64461.0,37005.0,44993.0,55101.0,36302.0,24507.0,23356.0,1950315.0,123717.0,127234.0,127443.0,75000.0,48383.0,23471.0,23773.0,76495.0,135744.0,142072.0,127657.0,121735.0,129484.0,140389.0,135352.0,48897.0,65488.0,38821.0,50695.0,63004.0,45521.0,35565.0,44375.0,378
394,"Mount Pleasant-Alma, MI CSA",111891,56275.0,2705.0,2868.0,3043.0,1909.0,3296.0,2505.0,2308.0,3998.0,4397.0,3412.0,3214.0,3211.0,3206.0,3429.0,3304.0,1317.0,1617.0,1146.0,1148.0,1679.0,1160.0,688.0,715.0,55616.0,2634.0,3011.0,2751.0,1800.0,4374.0,3001.0,2405.0,3298.0,3394.0,2895.0,2671.0,2593.0,2857.0,3313.0,3262.0,1467.0,1664.0,1049.0,1348.0,1855.0,1351.0,1121.0,1502.0,394
366,"Medford-Grants Pass, OR CSA",296584,144742.0,8269.0,8728.0,8754.0,5595.0,3108.0,1559.0,1303.0,5449.0,8814.0,8497.0,7455.0,8752.0,8484.0,9228.0,9675.0,4215.0,7145.0,4324.0,5994.0,7801.0,5189.0,3294.0,3110.0,151842.0,7843.0,8506.0,8259.0,5019.0,3249.0,1546.0,1714.0,4765.0,8681.0,8345.0,8108.0,8770.0,8693.0,9813.0,11151.0,4651.0,7869.0,4687.0,6928.0,8031.0,6009.0,3884.0,5321.0,366
368,"Memphis-Forrest City, TN-MS-AR CSA",1370746,659090.0,48151.0,47267.0,50318.0,30268.0,18734.0,9961.0,9440.0,27873.0,47983.0,44389.0,42179.0,42670.0,42453.0,44388.0,42301.0,15264.0,21897.0,13027.0,16853.0,18417.0,11645.0,7643.0,5969.0,711656.0,46157.0,47184.0,47517.0,29297.0,17533.0,8447.0,9793.0,29333.0,50090.0,47402.0,46991.0,44882.0,46694.0,48902.0,47988.0,18355.0,24772.0,15335.0,18755.0,23364.0,16782.0,12902.0,13181.0,368
380,"Mobile-Daphne-Fairhope, AL CSA",617688,297495.0,19595.0,19507.0,21184.0,12941.0,7573.0,4164.0,3895.0,11760.0,20004.0,18235.0,17805.0,18380.0,18323.0,20649.0,19963.0,7099.0,11987.0,7176.0,8982.0,11730.0,7718.0,5111.0,3714.0,320193.0,19055.0,19846.0,19622.0,12116.0,7523.0,4046.0,4150.0,11811.0,21201.0,19801.0,19781.0,19030.0,20120.0,22275.0,21711.0,9133.0,12838.0,7707.0,10854.0,13754.0,9551.0,6807.0,7461.0,380
382,"Modesto-Merced, CA CSA",803074,399869.0,30960.0,32093.0,32948.0,19525.0,12559.0,6817.0,6690.0,17249.0,30282.0,28246.0,25268.0,24871.0,24298.0,24497.0,22725.0,7774.0,11189.0,6949.0,7942.0,10696.0,7605.0,4750.0,3936.0,403205.0,29634.0,31220.0,31194.0,18625.0,11878.0,5845.0,6252.0,16937.0,28834.0,26890.0,25515.0,24436.0,24437.0,25093.0,24175.0,8946.0,10717.0,7026.0,9454.0,12685.0,9205.0,6750.0,7457.0,382
384,"Monroe-Ruston-Bastrop, LA CSA",252796,121942.0,8771.0,8483.0,8560.0,5382.0,4604.0,2163.0,2297.0,7336.0,8570.0,7813.0,7013.0,7029.0,6832.0,7254.0,7170.0,3062.0,4248.0,2336.0,3130.0,3839.0,2603.0,1919.0,1528.0,130854.0,8321.0,8768.0,7803.0,4953.0,3901.0,2730.0,2901.0,6741.0,9092.0,8261.0,7404.0,7560.0,7459.0,8242.0,8234.0,3200.0,4563.0,2946.0,3735.0,4455.0,3623.0,3139.0,2823.0,384
390,"Morgantown-Fairmont, WV CSA",194050,98829.0,5343.0,5196.0,4699.0,2853.0,4536.0,3066.0,2601.0,6531.0,8442.0,7071.0,6346.0,5937.0,5710.0,5875.0,6069.0,2496.0,3328.0,2280.0,2922.0,2820.0,2395.0,1257.0,1056.0,95221.0,4947.0,4773.0,4280.0,2690.0,3962.0,3058.0,2707.0,5648.0,6972.0,6241.0,5423.0,5432.0,5654.0,5826.0,6018.0,2607.0,3373.0,2180.0,2943.0,3517.0,2618.0,1712.0,2640.0,390
393,"Moses Lake-Othello, WA CSA",112681,56916.0,4867.0,5124.0,4874.0,2786.0,1644.0,936.0,839.0,2385.0,3895.0,3636.0,3485.0,3179.0,3231.0,3228.0,3103.0,1075.0,1970.0,1170.0,1113.0,1871.0,1271.0,683.0,551.0,55765.0,4825.0,4974.0,4576.0,2764.0,1428.0,947.0,749.0,2209.0,3633.0,3496.0,3497.0,3062.0,3058.0,3079.0,3066.0,1445.0,1516.0,1032.0,1218.0,1916.0,1333.0,878.0,1064.0,393
396,"Myrtle Beach-Conway, SC-NC CSA",493837,238620.0,12262.0,12902.0,13637.0,8239.0,5187.0,2644.0,2942.0,7278.0,13904.0,13161.0,12895.0,13811.0,14246.0,15554.0,16768.0,7279.0,11182.0,8673.0,13165.0,14990.0,9456.0,5221.0,3224.0,255217.0,11762.0,12997.0,12100.0,7607.0,4927.0,2811.0,2804.0,7143.0,14667.0,13385.0,13869.0,14237.0,15189.0,17584.0,20266.0,8637.0,14098.0,9631.0,13344.0,16675.0,9887.0,5923.0,5674.0,396
408,"New York-Newark, NY-NJ-CT-PA CSA",23739538,11493821.0,727937.0,717555.0,738486.0,458659.0,300785.0,158919.0,156686.0,484148.0,860338.0,820313.0,762491.0,754042.0,801929.0,833363.0,770189.0,284879.0,377250.0,226916.0,291601.0,364330.0,254908.0,178351.0,169746.0,12245717.0,695785.0,689198.0,704965.0,438308.0,289792.0,154489.0,152579.0,484551.0,866826.0,836477.0,790737.0,788741.0,851166.0,889687.0,837889.0,317613.0,419999.0,268400.0,342861.0,460326.0,343089.0,269947.0,352292.0,408
400,"Nashville-Davidson--Murfreesboro, TN CSA",1951608,952882.0,64823.0,66526.0,65683.0,39167.0,24950.0,13690.0,13229.0,39931.0,71227.0,69875.0,65241.0,66425.0,65393.0,65579.0,61751.0,22952.0,28624.0,18404.0,23390.0,28206.0,18252.0,10814.0,8750.0,998726.0,61765.0,64913.0,62537.0,37015.0,23305.0,12617.0,12215.0,43214.0,75071.0,72717.0,68389.0,66436.0,66497.0,69821.0,66145.0,24216.0,33418.0,21113.0,26601.0,32334.0,22924.0,17544.0,17919.0,400
404,"New Bern-Morehead City, NC CSA",194652,97580.0,5717.0,5982.0,5218.0,3452.0,2487.0,1945.0,1756.0,5454.0,6738.0,5525.0,5756.0,5402.0,5349.0,5996.0,6628.0,2431.0,3903.0,2649.0,3520.0,4822.0,3223.0,1869.0,1758.0,97072.0,5248.0,4949.0,5718.0,3305.0,1883.0,994.0,1068.0,3737.0,6042.0,5328.0,5197.0,5172.0,5626.0,6675.0,7402.0,3207.0,4290.0,2854.0,4148.0,5064.0,4082.0,2469.0,2614.0,404
406,"New Orleans-Metairie-Hammond, LA-MS CSA",1491008,722430.0,47870.0,48508.0,47513.0,28697.0,17716.0,10515.0,9556.0,28243.0,54632.0,53155.0,47373.0,43488.0,46023.0,50058.0,51052.0,18592.0,26142.0,15526.0,20415.0,23995.0,15963.0,9399.0,7999.0,768578.0,45997.0,47421.0,45447.0,27427.0,17356.0,10399.0,10212.0,28243.0,58297.0,55754.0,48057.0,47440.0,48369.0,53535.0,53570.0,21329.0,29330.0,17078.0,22643.0,29209.0,20066.0,15247.0,16152.0,406
424,"Paducah-Mayfield, KY-IL CSA",134578,65126.0,4174.0,4402.0,4253.0,2719.0,1357.0,749.0,724.0,2279.0,3705.0,3786.0,3551.0,4445.0,4251.0,4527.0,4728.0,1785.0,2873.0,1537.0,2001.0,3010.0,1927.0,1280.0,1063.0,69452.0,3954.0,4046.0,4351.0,2563.0,1365.0,1047.0,471.0,2128.0,3854.0,3882.0,4155.0,4137.0,4375.0,4878.0,5397.0,1811.0,2722.0,1878.0,2296.0,3511.0,2455.0,1899.0,2277.0,424
412,"North Port-Sarasota, FL CSA",977292,473705.0,20751.0,22159.0,23566.0,15001.0,9186.0,4957.0,4860.0,13707.0,23184.0,22015.0,22785.0,22487.0,26745.0,30936.0,33506.0,13667.0,20499.0,15735.0,24637.0,36169.0,29166.0,20018.0,17969.0,503587.0,19434.0,22129.0,21495.0,14201.0,8090.0,4941.0,4421.0,11865.0,21946.0,21695.0,22039.0,23927.0,28431.0,33636.0,37601.0,16507.0,25815.0,18841.0,28176.0,39372.0,31608.0,21566.0,25851.0,412
416,"Oklahoma City-Shawnee, OK CSA",1425118,701819.0,51272.0,51204.0,50232.0,28753.0,19482.0,11487.0,11271.0,31521.0,53363.0,53284.0,46343.0,44451.0,41383.0,44622.0,44061.0,15888.0,21581.0,14008.0,16447.0,20645.0,14195.0,9224.0,7102.0,723299.0,48822.0,49667.0,47188.0,27513.0,18859.0,11786.0,11441.0,29454.0,53797.0,52663.0,46389.0,44640.0,42262.0,46468.0,47164.0,16317.0,24602.0,14320.0,19062.0,25573.0,18070.0,12913.0,14329.0,416
420,"Omaha-Council Bluffs-Fremont, NE-IA CSA",950766,470341.0,35348.0,35552.0,34482.0,19803.0,12330.0,5840.0,6045.0,18970.0,34382.0,35386.0,32510.0,29272.0,29442.0,31625.0,30245.0,11099.0,14167.0,9346.0,11265.0,12789.0,8843.0,6424.0,5176.0,480425.0,33803.0,34104.0,32645.0,19126.0,11703.0,6315.0,5456.0,18239.0,34018.0,34924.0,31757.0,29372.0,29346.0,31987.0,30968.0,11859.0,16311.0,9595.0,12203.0,15609.0,11228.0,8950.0,10907.0,420
422,"Orlando-Deltona-Daytona Beach, FL CSA",3131288,1531017.0,88463.0,90821.0,95632.0,58883.0,40155.0,23282.0,20416.0,64146.0,115081.0,103473.0,95910.0,100353.0,99883.0,103325.0,94377.0,36000.0,52278.0,34883.0,47897.0,65828.0,46600.0,29507.0,23824.0,1600271.0,84542.0,86713.0,92435.0,57140.0,38280.0,22693.0,20689.0,63313.0,110177.0,102766.0,98911.0,101949.0,103742.0,108690.0,106968.0,40226.0,59872.0,40664.0,56349.0,74363.0,51912.0,36113.0,41764.0,422
423,"Oskaloosa-Pella, IA CSA",55428,27634.0,1707.0,1902.0,2031.0,1202.0,957.0,494.0,491.0,956.0,1563.0,1561.0,1472.0,1785.0,1646.0,1910.0,1963.0,782.0,1019.0,650.0,786.0,1019.0,683.0,627.0,428.0,27794.0,1673.0,1878.0,1832.0,1072.0,801.0,454.0,461.0,916.0,1368.0,1653.0,1576.0,1523.0,1670.0,1917.0,1732.0,907.0,1037.0,616.0,933.0,1109.0,871.0,781.0,1014.0,423
425,"Parkersburg-Marietta-Vienna, WV-OH CSA",152687,74479.0,4152.0,4402.0,4512.0,2882.0,1981.0,977.0,816.0,2818.0,4081.0,4368.0,4595.0,4342.0,4989.0,5522.0,5894.0,2109.0,2963.0,1953.0,2505.0,3417.0,2522.0,1508.0,1171.0,78208.0,4161.0,4106.0,4638.0,2729.0,1698.0,852.0,972.0,2687.0,4268.0,4306.0,4226.0,4801.0,5010.0,5734.0,6258.0,2454.0,2942.0,2260.0,2934.0,3708.0,3225.0,1872.0,2367.0,425
426,"Pensacola-Ferry Pass, FL-AL CSA",514323,258534.0,15601.0,15883.0,15523.0,9482.0,9474.0,4163.0,4498.0,13534.0,19670.0,17616.0,15164.0,15790.0,15916.0,18098.0,17838.0,6051.0,8429.0,5529.0,6961.0,9734.0,7140.0,3726.0,2714.0,255789.0,14886.0,14167.0,16066.0,9302.0,6844.0,4040.0,3535.0,10217.0,17670.0,15912.0,15102.0,14111.0,15972.0,18365.0,18711.0,6822.0,9581.0,5856.0,8006.0,11265.0,8461.0,5514.0,5384.0,426
427,"Peoria-Canton, IL CSA",412991,203391.0,13411.0,13577.0,13739.0,8260.0,5055.0,2434.0,2591.0,7694.0,13225.0,13692.0,13491.0,12267.0,12921.0,13783.0,13672.0,5611.0,7705.0,5024.0,5748.0,7079.0,5451.0,3731.0,3230.0,209600.0,12757.0,12757.0,13613.0,7815.0,4807.0,2755.0,2930.0,6594.0,12821.0,13100.0,12810.0,12348.0,12770.0,14088.0,15042.0,6045.0,7504.0,4813.0,6103.0,9219.0,6449.0,5192.0,7268.0,427
428,"Philadelphia-Reading-Camden, PA-NJ-DE-MD CSA",7176716,3478038.0,216912.0,220513.0,231306.0,142976.0,97500.0,50414.0,48429.0,147442.0,255392.0,234747.0,213417.0,214407.0,233997.0,253002.0,244921.0,91153.0,117448.0,71221.0,92260.0,115339.0,79268.0,54785.0,51189.0,3698678.0,208827.0,216060.0,218775.0,135792.0,94987.0,48387.0,49153.0,143959.0,254706.0,240028.0,222948.0,224770.0,249334.0,270665.0,263445.0,98461.0,134336.0,82490.0,109134.0,139589.0,104486.0,84918.0,103428.0,428
430,"Pittsburgh-New Castle-Weirton, PA-OH-WV CSA",2643262,1285876.0,68848.0,70103.0,74163.0,46930.0,34846.0,16892.0,16614.0,51544.0,88801.0,82768.0,74049.0,75941.0,84829.0,93640.0,100953.0,39486.0,53643.0,32570.0,41406.0,49837.0,35973.0,26454.0,25586.0,1357386.0,65779.0,67084.0,70994.0,44806.0,34609.0,16526.0,16905.0,49496.0,84804.0,79658.0,72786.0,77169.0,86904.0,98838.0,107304.0,41891.0,56475.0,35712.0,46787.0,60334.0,49801.0,40070.0,52654.0,430
434,"Ponce-Coamo-Santa Isabel, PR CSA",397421,191938.0,11297.0,11178.0,14444.0,8740.0,5920.0,3299.0,3281.0,8044.0,12829.0,11344.0,12073.0,11549.0,11721.0,11779.0,12269.0,4347.0,6854.0,4250.0,6874.0,7772.0,5867.0,3575.0,2632.0,205483.0,10123.0,12139.0,12280.0,8324.0,5542.0,3079.0,3424.0,7415.0,12952.0,12243.0,12732.0,12824.0,13021.0,13648.0,13821.0,5209.0,7805.0,5220.0,7375.0,9467.0,7153.0,5034.0,4653.0,434
438,"Portland-Lewiston-South Portland, ME CSA",633093,308217.0,16344.0,18189.0,18328.0,11702.0,7767.0,3867.0,3551.0,11900.0,19167.0,19220.0,18034.0,19437.0,21900.0,24378.0,24944.0,8858.0,11641.0,7943.0,9932.0,12553.0,8087.0,5453.0,5022.0,324876.0,15651.0,16974.0,17508.0,11089.0,7982.0,3849.0,3473.0,11325.0,19457.0,19704.0,18235.0,20464.0,22817.0,25326.0,26180.0,10181.0,13100.0,8894.0,10801.0,14087.0,10265.0,7784.0,9730.0,438
448,"Quincy-Hannibal, IL-MO CSA",115776,56790.0,3535.0,3961.0,3714.0,2335.0,1515.0,548.0,599.0,2353.0,3496.0,3352.0,3275.0,3248.0,3444.0,4094.0,4164.0,1548.0,2054.0,1324.0,1893.0,2235.0,1788.0,1368.0,947.0,58986.0,3439.0,3550.0,3718.0,2141.0,1456.0,924.0,582.0,2128.0,3378.0,3474.0,3157.0,3351.0,3557.0,4156.0,4332.0,1514.0,2179.0,1390.0,1958.0,2694.0,2219.0,1693.0,1996.0,448
440,"Portland-Vancouver-Salem, OR-WA CSA",3105069,1536892.0,95527.0,100343.0,100910.0,61086.0,38186.0,21148.0,20448.0,60773.0,112811.0,114943.0,111805.0,106234.0,103538.0,101166.0,98348.0,39113.0,54288.0,33764.0,41601.0,49978.0,31478.0,19892.0,19512.0,1568177.0,91287.0,98148.0,94170.0,57941.0,37039.0,20823.0,19793.0,58307.0,111176.0,114566.0,113047.0,101523.0,102177.0,102559.0,102725.0,40716.0,59902.0,35511.0,47729.0,57010.0,38273.0,27369.0,36386.0,440
444,"Pueblo-Cañon City, CO CSA",209969,107403.0,5714.0,6259.0,6877.0,4176.0,2651.0,1280.0,1473.0,4250.0,7257.0,8148.0,7132.0,6687.0,6776.0,7248.0,7181.0,3048.0,3807.0,2506.0,3676.0,4272.0,3277.0,2059.0,1649.0,102566.0,5748.0,6155.0,6378.0,3866.0,2350.0,1257.0,1093.0,3644.0,6092.0,6171.0,6217.0,5149.0,6075.0,6992.0,7746.0,2863.0,4289.0,2981.0,3426.0,4713.0,3465.0,2704.0,3192.0,444
446,"Pullman-Moscow, WA-ID CSA",86491,44236.0,2088.0,2137.0,2031.0,1184.0,4309.0,2686.0,2537.0,4496.0,4014.0,2522.0,2333.0,1702.0,1783.0,1991.0,2195.0,732.0,1138.0,701.0,834.0,1118.0,777.0,562.0,366.0,42255.0,2122.0,1682.0,2159.0,1079.0,5036.0,2640.0,1993.0,3483.0,2960.0,2297.0,1698.0,2009.0,1860.0,2048.0,2155.0,883.0,1176.0,786.0,883.0,1190.0,888.0,536.0,692.0,446
456,"Reno-Carson City-Fernley, NV CSA",603596,304347.0,17755.0,18646.0,19135.0,11637.0,7212.0,4090.0,4283.0,11263.0,22332.0,20294.0,18429.0,18069.0,19725.0,21055.0,21341.0,8580.0,11691.0,8486.0,9738.0,13589.0,8273.0,4949.0,3775.0,299249.0,17068.0,18125.0,17657.0,10776.0,6662.0,3199.0,3800.0,11950.0,20834.0,19109.0,17678.0,17479.0,18874.0,20953.0,21792.0,8800.0,12111.0,7479.0,10936.0,13569.0,8586.0,5586.0,6226.0,456
450,"Raleigh-Durham-Chapel Hill, NC CSA",2115747,1027822.0,68052.0,71582.0,74991.0,42638.0,30694.0,15293.0,15183.0,40983.0,73817.0,73470.0,74890.0,73660.0,74244.0,71038.0,63661.0,23082.0,30167.0,18288.0,24388.0,29506.0,17425.0,11697.0,9073.0,1087925.0,65413.0,69165.0,72088.0,41235.0,30542.0,14492.0,14119.0,43143.0,77183.0,77499.0,75141.0,80116.0,76732.0,74979.0,68989.0,26546.0,34517.0,22053.0,29137.0,34469.0,23911.0,17708.0,18748.0,450
452,"Rapid City-Spearfish, SD CSA",168729,85155.0,5455.0,6046.0,4919.0,3257.0,2343.0,1158.0,1550.0,3750.0,5976.0,5591.0,5125.0,4572.0,4620.0,5507.0,6459.0,2284.0,3407.0,2632.0,2614.0,3098.0,2172.0,1340.0,1280.0,83574.0,5088.0,5490.0,4959.0,2769.0,1816.0,1008.0,1043.0,3323.0,5490.0,5366.0,5041.0,4414.0,4542.0,5716.0,6811.0,2234.0,3550.0,2116.0,2845.0,3366.0,2390.0,2055.0,2142.0,452
454,"Redding-Red Bluff, CA CSA",242166,119205.0,7292.0,7761.0,7652.0,4898.0,3039.0,1551.0,1464.0,4442.0,7562.0,7365.0,6939.0,6020.0,6860.0,8151.0,8647.0,3197.0,4940.0,3386.0,4118.0,5495.0,4007.0,2485.0,1934.0,122961.0,7062.0,7303.0,7430.0,4496.0,2587.0,1391.0,1795.0,3797.0,7342.0,7103.0,6722.0,6317.0,7408.0,8875.0,9119.0,3587.0,5616.0,3345.0,4700.0,6009.0,4291.0,2920.0,3746.0,454
458,"Richmond-Connersville, IN CSA",90398,43949.0,2497.0,2895.0,2895.0,1956.0,1210.0,693.0,644.0,1709.0,2460.0,2497.0,2690.0,2659.0,2852.0,3175.0,3108.0,1043.0,1937.0,965.0,1360.0,1805.0,1214.0,742.0,943.0,46449.0,2591.0,2626.0,2926.0,1669.0,1184.0,536.0,619.0,1483.0,2600.0,2471.0,2687.0,2692.0,3050.0,3255.0,3046.0,1258.0,2208.0,1111.0,1459.0,2371.0,1832.0,1227.0,1548.0,458
464,"Rochester-Batavia-Seneca Falls, NY CSA",1174033,573086.0,32572.0,34663.0,35636.0,23080.0,18317.0,8632.0,8959.0,25285.0,40916.0,35623.0,31785.0,32384.0,38490.0,42726.0,42184.0,16274.0,21047.0,12546.0,16786.0,21849.0,14119.0,9714.0,9499.0,600947.0,31561.0,33015.0,34865.0,21938.0,17680.0,9135.0,8718.0,24425.0,38930.0,36356.0,32859.0,34065.0,39943.0,44984.0,44176.0,16444.0,23594.0,13511.0,19638.0,24774.0,18182.0,13798.0,18356.0,464
466,"Rockford-Freeport-Rochelle, IL CSA",438608,215094.0,13545.0,14772.0,15208.0,9605.0,5238.0,2589.0,2693.0,8193.0,12812.0,12741.0,13026.0,12990.0,14551.0,15793.0,14892.0,5852.0,8489.0,4700.0,6387.0,8258.0,5450.0,3882.0,3428.0,223514.0,12910.0,13915.0,14971.0,9141.0,5025.0,2479.0,2606.0,8135.0,12768.0,13164.0,12856.0,14011.0,14829.0,15962.0,15687.0,6032.0,8514.0,5035.0,7100.0,9645.0,6587.0,5164.0,6978.0,466
468,"Rocky Mount-Wilson-Roanoke Rapids, NC CSA",302262,143894.0,8793.0,9761.0,10321.0,6156.0,3839.0,1827.0,1981.0,5581.0,8657.0,8026.0,7441.0,8876.0,9268.0,10475.0,10254.0,3842.0,6310.0,3798.0,5007.0,5513.0,4037.0,2365.0,1766.0,158368.0,8392.0,8740.0,9916.0,5998.0,3632.0,1818.0,1632.0,6056.0,9227.0,8448.0,8868.0,9179.0,10355.0,11484.0,12009.0,4707.0,6740.0,4866.0,5050.0,7141.0,5471.0,4067.0,4572.0,468
462,"Rochester-Austin, MN CSA",253871,125428.0,8793.0,8846.0,9175.0,5081.0,2706.0,1492.0,1305.0,4324.0,7822.0,9043.0,8362.0,7529.0,7673.0,8951.0,8740.0,3420.0,4441.0,2643.0,3079.0,4273.0,3080.0,2375.0,2275.0,128443.0,8290.0,8854.0,8412.0,5071.0,2413.0,927.0,1699.0,4456.0,8033.0,8913.0,7739.0,7603.0,7633.0,9089.0,9825.0,3008.0,4205.0,2918.0,3555.0,4623.0,3902.0,3441.0,3834.0,462
470,"Rome-Summerville, GA CSA",121351,59500.0,3813.0,3691.0,4626.0,2421.0,1667.0,905.0,841.0,2425.0,4241.0,3524.0,3417.0,4274.0,3882.0,3927.0,3823.0,1417.0,2210.0,952.0,1884.0,2269.0,1533.0,1039.0,719.0,61851.0,3505.0,4151.0,3651.0,2442.0,2016.0,1038.0,835.0,2441.0,3610.0,3592.0,3527.0,3955.0,3907.0,4185.0,4373.0,1406.0,2154.0,1360.0,1863.0,2799.0,1969.0,1545.0,1527.0,470
472,"Sacramento-Roseville, CA CSA",2537070,1244048.0,80471.0,84519.0,86567.0,52294.0,33642.0,19057.0,17958.0,53465.0,90762.0,86739.0,80399.0,78052.0,79976.0,83845.0,81050.0,29803.0,41793.0,25826.0,32510.0,40983.0,27295.0,20394.0,16648.0,1293022.0,76814.0,83097.0,80779.0,49658.0,32483.0,18324.0,18615.0,51992.0,88585.0,86896.0,80572.0,80944.0,82030.0,88260.0,87815.0,33460.0,47184.0,29752.0,37739.0,47632.0,34520.0,25151.0,30720.0,472
474,"Saginaw-Midland-Bay City, MI CSA",382642,186846.0,10714.0,11947.0,11739.0,7853.0,5266.0,3039.0,2323.0,7647.0,12087.0,10873.0,10664.0,10855.0,12191.0,13579.0,14083.0,4916.0,7340.0,5034.0,5556.0,7188.0,5329.0,3511.0,3112.0,195796.0,10086.0,10743.0,12060.0,7339.0,4937.0,2591.0,2478.0,7466.0,11561.0,10666.0,10515.0,11391.0,12452.0,14218.0,15347.0,5332.0,8199.0,5261.0,6058.0,8718.0,7013.0,5348.0,6017.0,474
476,"St. Louis-St. Charles-Farmington, MO-IL CSA",2909551,1414760.0,89825.0,92524.0,95874.0,58537.0,35736.0,18406.0,18780.0,56352.0,98156.0,96932.0,89928.0,86146.0,91835.0,103627.0,102299.0,38809.0,50338.0,29663.0,37364.0,48243.0,33470.0,21811.0,20105.0,1494791.0,85309.0,87963.0,91425.0,55862.0,33573.0,17610.0,18438.0,55768.0,99822.0,99485.0,92661.0,90134.0,96413.0,109123.0,109252.0,42174.0,55350.0,32695.0,43568.0,59530.0,43677.0,34229.0,40730.0,476
490,"San Juan-Carolina, PR CSA",2489411,1180229.0,63142.0,72061.0,80577.0,52718.0,35279.0,18948.0,19613.0,50322.0,79903.0,72613.0,74980.0,75546.0,76879.0,77143.0,71339.0,29485.0,38480.0,24962.0,37325.0,49359.0,36806.0,23632.0,19117.0,1309182.0,60145.0,66783.0,78282.0,50375.0,33948.0,19633.0,18185.0,50578.0,83345.0,80379.0,84126.0,83984.0,86057.0,90493.0,84863.0,33695.0,50099.0,31220.0,45414.0,62478.0,47221.0,33162.0,34717.0,490
496,"Savannah-Hinesville-Statesboro, GA CSA",531195,259854.0,18757.0,17700.0,17680.0,10016.0,10041.0,5348.0,5632.0,14831.0,23297.0,19455.0,16861.0,14912.0,14569.0,15395.0,14336.0,6035.0,7065.0,4959.0,5657.0,7483.0,4616.0,2727.0,2482.0,271341.0,18303.0,16588.0,17697.0,9320.0,10120.0,5059.0,4931.0,13864.0,22280.0,19607.0,16556.0,16991.0,15886.0,16835.0,16960.0,6000.0,8313.0,4969.0,6914.0,9178.0,6174.0,3950.0,4846.0,496
500,"Seattle-Tacoma, WA CSA",4603633,2299968.0,145265.0,145819.0,136933.0,84567.0,52643.0,30484.0,29540.0,97171.0,187455.0,183543.0,165805.0,155962.0,157502.0,159648.0,153190.0,56957.0,78307.0,45975.0,59140.0,72244.0,43834.0,30976.0,27008.0,2303665.0,138650.0,137017.0,134179.0,80030.0,48649.0,26125.0,26241.0,89897.0,175170.0,175635.0,160729.0,151023.0,154567.0,159486.0,158511.0,61342.0,82857.0,50097.0,66846.0,80857.0,54321.0,40206.0,51230.0,500
520,"Springfield-Branson, MO CSA",540970,264328.0,16724.0,16880.0,17428.0,10430.0,7929.0,4633.0,4895.0,13110.0,17479.0,17155.0,15748.0,16053.0,16065.0,17089.0,16636.0,6154.0,9691.0,6112.0,8190.0,9971.0,7192.0,5111.0,3653.0,276642.0,16154.0,16133.0,16467.0,10021.0,8072.0,5156.0,5061.0,13065.0,17774.0,16827.0,15569.0,15957.0,16204.0,17850.0,18496.0,6225.0,10958.0,6991.0,8932.0,11787.0,9018.0,6036.0,7889.0,520
521,"Springfield-Greenfield Town, MA CSA",701311,336546.0,18464.0,18771.0,21591.0,13682.0,13817.0,7380.0,7256.0,16402.0,22184.0,20275.0,17778.0,19315.0,21367.0,23773.0,24234.0,9407.0,12560.0,7738.0,9837.0,12278.0,7366.0,5666.0,5405.0,364765.0,17212.0,18738.0,19954.0,12939.0,16112.0,8309.0,8389.0,15554.0,21899.0,21131.0,20008.0,20871.0,23351.0,25899.0,26371.0,9896.0,14201.0,8932.0,10904.0,14270.0,10100.0,8348.0,11377.0,521
522,"Springfield-Jacksonville-Lincoln, IL CSA",313151,152465.0,9148.0,9850.0,9962.0,6136.0,3895.0,1970.0,2271.0,5768.0,9643.0,9717.0,9746.0,9453.0,9861.0,11175.0,11246.0,4217.0,5769.0,3436.0,4349.0,5760.0,3822.0,2772.0,2499.0,160686.0,8382.0,9605.0,9411.0,5883.0,3839.0,1749.0,1820.0,6113.0,9688.0,10116.0,9332.0,9857.0,10129.0,11619.0,11827.0,4481.0,6425.0,4069.0,5448.0,6394.0,5235.0,3850.0,5414.0,522
524,"State College-DuBois, PA CSA",241185,126263.0,5282.0,5470.0,5657.0,3607.0,7105.0,4714.0,4807.0,8933.0,10254.0,8012.0,7171.0,7909.0,7845.0,8302.0,7769.0,3183.0,4023.0,2425.0,3149.0,4042.0,3005.0,1994.0,1605.0,114922.0,5052.0,5373.0,5635.0,3461.0,6502.0,3989.0,4097.0,6378.0,7717.0,5959.0,5426.0,6516.0,6927.0,7552.0,7267.0,3049.0,4094.0,2542.0,3159.0,4599.0,3662.0,2779.0,3187.0,524
525,"Steamboat Springs-Craig, CO CSA",37415,19447.0,944.0,1305.0,1207.0,766.0,435.0,220.0,273.0,575.0,1518.0,1399.0,1599.0,1261.0,1312.0,1315.0,1539.0,532.0,800.0,597.0,472.0,644.0,330.0,212.0,192.0,17968.0,892.0,987.0,1038.0,834.0,325.0,177.0,170.0,573.0,1253.0,1358.0,1244.0,1164.0,1178.0,1393.0,1470.0,734.0,722.0,455.0,584.0,592.0,302.0,333.0,190.0,525
545,"Virginia Beach-Norfolk, VA-NC CSA",1820598,896544.0,58805.0,56645.0,57058.0,33917.0,26821.0,16758.0,18337.0,47667.0,75122.0,65760.0,56846.0,52523.0,54389.0,60900.0,57571.0,22075.0,27377.0,17530.0,22099.0,27343.0,18867.0,12066.0,10068.0,924054.0,56122.0,56374.0,53813.0,32927.0,24167.0,13302.0,14289.0,40621.0,70187.0,64522.0,56597.0,54826.0,59031.0,66547.0,63692.0,23641.0,31999.0,19138.0,26450.0,34451.0,24090.0,17125.0,20143.0,545
482,"Salt Lake City-Provo-Orem, UT CSA",2468558,1242414.0,109008.0,109961.0,109416.0,60600.0,35922.0,17116.0,20770.0,66736.0,96167.0,95513.0,94041.0,77601.0,67332.0,63555.0,59256.0,23488.0,30037.0,17307.0,21688.0,26731.0,18113.0,11616.0,10440.0,1226144.0,102914.0,107133.0,100168.0,57792.0,34803.0,18045.0,20831.0,61315.0,93096.0,93165.0,90164.0,75366.0,65291.0,63758.0,61175.0,23004.0,31935.0,18744.0,23933.0,29942.0,22329.0,15987.0,15254.0,482
488,"San Jose-San Francisco-Oakland, CA CSA",8686062,4312717.0,261874.0,270818.0,267169.0,158253.0,104361.0,56284.0,54443.0,174821.0,340062.0,339287.0,310946.0,304074.0,304925.0,303649.0,279891.0,104989.0,140800.0,84308.0,108613.0,131832.0,91770.0,61434.0,58114.0,4373345.0,249889.0,255881.0,259328.0,151048.0,101807.0,49499.0,51750.0,169168.0,317426.0,326487.0,304681.0,301506.0,300021.0,303769.0,289923.0,111219.0,151645.0,94603.0,123356.0,155228.0,111036.0,84703.0,109372.0,488
512,"Sioux City-Vermillion, IA-SD-NE CSA",182554,90214.0,6445.0,6480.0,6765.0,3950.0,3261.0,1232.0,1532.0,4355.0,5714.0,5653.0,5427.0,5100.0,5320.0,5925.0,5866.0,2348.0,2993.0,1932.0,2466.0,2821.0,2003.0,1201.0,1425.0,92340.0,6275.0,6411.0,6301.0,4032.0,3005.0,1579.0,1591.0,3810.0,5443.0,5582.0,5573.0,5216.0,5277.0,5915.0,5794.0,2241.0,3398.0,1934.0,2761.0,2999.0,2402.0,2116.0,2685.0,512
515,"South Bend-Elkhart-Mishawaka, IN-MI CSA",724634,355779.0,24244.0,25652.0,25514.0,15751.0,10011.0,5506.0,4906.0,14399.0,22480.0,21682.0,21388.0,21230.0,22503.0,24144.0,23606.0,9544.0,13343.0,7586.0,10542.0,11997.0,8625.0,5475.0,5651.0,368855.0,23178.0,23544.0,25165.0,15137.0,10370.0,5121.0,5203.0,13975.0,22265.0,21858.0,21112.0,22035.0,22833.0,24864.0,25005.0,9917.0,13717.0,8461.0,10911.0,14293.0,10262.0,8618.0,11011.0,515
518,"Spokane-Spokane Valley-Coeur d'Alene, WA-ID CSA",697816,345897.0,21741.0,22549.0,22783.0,13992.0,9257.0,4903.0,4594.0,14609.0,25100.0,22933.0,21352.0,20410.0,21054.0,22925.0,23243.0,9351.0,13734.0,8040.0,10717.0,13630.0,8244.0,5938.0,4798.0,351919.0,20480.0,21118.0,21727.0,12971.0,8608.0,5646.0,4871.0,12731.0,24458.0,22310.0,20434.0,20684.0,21314.0,24154.0,25263.0,10085.0,14244.0,9385.0,11115.0,14452.0,10180.0,7426.0,8263.0,518
540,"Tyler-Jacksonville, TX CSA",273871,133662.0,9735.0,9908.0,9630.0,5800.0,4102.0,2251.0,2194.0,5252.0,9104.0,8400.0,8084.0,7805.0,7999.0,8385.0,7918.0,3247.0,4623.0,2299.0,4099.0,5025.0,3438.0,2695.0,1669.0,140209.0,9147.0,8901.0,9627.0,5588.0,3868.0,1749.0,1695.0,6125.0,9597.0,8781.0,8190.0,8451.0,8359.0,8641.0,9155.0,3765.0,4484.0,3171.0,3778.0,6031.0,4779.0,3151.0,3176.0,540
544,"Victoria-Port Lavaca, TX CSA",120849,59544.0,4254.0,4513.0,4234.0,2653.0,1731.0,942.0,550.0,2498.0,4095.0,4017.0,3712.0,3157.0,3476.0,3812.0,3989.0,1272.0,2116.0,1414.0,1748.0,1969.0,1330.0,1212.0,850.0,61305.0,4219.0,4436.0,3933.0,2477.0,1531.0,760.0,800.0,2398.0,3992.0,3841.0,3650.0,3333.0,3726.0,3995.0,3914.0,1694.0,2246.0,1368.0,1648.0,2630.0,1672.0,1267.0,1775.0,544
546,"Visalia-Porterville-Hanford, CA CSA",608992,312470.0,26090.0,26973.0,26027.0,15195.0,9221.0,5964.0,4848.0,14772.0,24674.0,23101.0,21301.0,19791.0,18821.0,17850.0,15917.0,6145.0,7108.0,4670.0,5676.0,7240.0,4976.0,3337.0,2773.0,296522.0,25012.0,25721.0,25316.0,14672.0,8749.0,4864.0,4290.0,12807.0,21276.0,20444.0,18298.0,17987.0,16791.0,16712.0,15673.0,5768.0,7687.0,5287.0,5922.0,7950.0,5781.0,4352.0,5163.0,546
548,"Washington-Baltimore-Arlington, DC-MD-VA-WV-PA CSA",9611943,4683547.0,313599.0,313352.0,306714.0,186629.0,121964.0,61388.0,60297.0,190139.0,349524.0,351151.0,326799.0,318474.0,331250.0,342147.0,309604.0,109804.0,149089.0,88461.0,113382.0,138667.0,90351.0,58475.0,52287.0,4928396.0,299341.0,301682.0,295602.0,178897.0,118601.0,57620.0,57001.0,190555.0,357807.0,365115.0,342967.0,328613.0,349585.0,361199.0,331301.0,121316.0,168425.0,102786.0,130853.0,166387.0,116501.0,85285.0,100957.0,548
536,"Tucson-Nogales, AZ CSA",1053615,517943.0,31802.0,33666.0,32065.0,20339.0,16557.0,10253.0,9826.0,27843.0,34317.0,32707.0,30818.0,28712.0,28976.0,31286.0,31713.0,12310.0,18472.0,12315.0,16009.0,22180.0,16257.0,10661.0,8859.0,535672.0,30658.0,31221.0,32082.0,19444.0,16144.0,10395.0,10039.0,25415.0,31389.0,31270.0,30616.0,29507.0,30099.0,32937.0,35175.0,14658.0,20612.0,14386.0,18103.0,25251.0,19150.0,13138.0,13983.0,536
532,"Syracuse-Auburn, NY CSA",737581,361258.0,20973.0,22525.0,22474.0,14804.0,12534.0,6247.0,5847.0,14993.0,24656.0,22291.0,20220.0,20084.0,24381.0,27361.0,27332.0,9844.0,13534.0,8197.0,9804.0,12793.0,8537.0,5929.0,5898.0,376323.0,19726.0,20443.0,22397.0,14218.0,14007.0,6672.0,6164.0,13660.0,23629.0,22238.0,20804.0,21038.0,25025.0,28431.0,27446.0,10618.0,14396.0,9104.0,11197.0,14147.0,10731.0,8628.0,11604.0,532
533,"Tallahassee-Bainbridge, FL-GA CSA",404697,195968.0,10985.0,10928.0,11693.0,6878.0,8327.0,6074.0,6461.0,14113.0,15463.0,12995.0,11089.0,11549.0,11297.0,12183.0,11272.0,4735.0,6713.0,3717.0,5217.0,6277.0,3633.0,2443.0,1926.0,208729.0,10598.0,10996.0,11033.0,6502.0,10118.0,8247.0,6560.0,14146.0,14655.0,12734.0,11954.0,11706.0,11690.0,12777.0,13263.0,5324.0,6848.0,4289.0,5806.0,7132.0,4506.0,4046.0,3799.0,533
534,"Toledo-Port Clinton, OH CSA",645973,315113.0,19996.0,20890.0,20822.0,12893.0,10000.0,5498.0,5563.0,14607.0,22067.0,19575.0,17819.0,18733.0,19508.0,21150.0,22325.0,8734.0,11663.0,6886.0,9798.0,10026.0,7081.0,5153.0,4326.0,330860.0,19031.0,19099.0,20455.0,12171.0,10258.0,5607.0,5565.0,14504.0,21915.0,19546.0,18932.0,19179.0,20224.0,22588.0,24440.0,8899.0,12391.0,7784.0,9847.0,12523.0,9503.0,6873.0,9526.0,534
538,"Tulsa-Muskogee-Bartlesville, OK CSA",1147611,563126.0,40185.0,40780.0,40942.0,24415.0,15053.0,8150.0,7186.0,23080.0,38614.0,38503.0,35802.0,34856.0,34829.0,37230.0,37064.0,13851.0,18454.0,11341.0,15093.0,18887.0,13059.0,8428.0,7324.0,584485.0,38016.0,38752.0,39119.0,23222.0,13493.0,7750.0,7055.0,22790.0,39456.0,39084.0,36048.0,35805.0,35627.0,38330.0,39793.0,14852.0,20570.0,13258.0,17344.0,21871.0,16913.0,12761.0,12576.0,538
558,"Williamsport-Lock Haven, PA CSA",154719,75937.0,4347.0,4567.0,4499.0,2758.0,2868.0,1307.0,1415.0,3318.0,5296.0,4437.0,4288.0,4092.0,4578.0,5316.0,5700.0,2153.0,2848.0,1766.0,2263.0,3088.0,2122.0,1639.0,1272.0,78782.0,4200.0,4330.0,4469.0,2651.0,2389.0,1301.0,1624.0,2994.0,4742.0,4539.0,4111.0,4587.0,4939.0,5396.0,5771.0,2312.0,2932.0,1990.0,2555.0,3384.0,2664.0,1980.0,2922.0,558
566,"Youngstown-Warren, OH-PA CSA",653405,320735.0,17150.0,18842.0,19589.0,13319.0,8082.0,4631.0,3917.0,12399.0,19105.0,17878.0,17955.0,19586.0,20964.0,23311.0,25075.0,9946.0,13387.0,8291.0,10832.0,13549.0,9342.0,6688.0,6897.0,332670.0,16475.0,17681.0,19037.0,12236.0,7307.0,3956.0,4062.0,11612.0,17444.0,17124.0,16752.0,19631.0,21003.0,24064.0,26827.0,10349.0,14300.0,8793.0,11969.0,16106.0,12390.0,10059.0,13493.0,566
554,"Wausau-Stevens Point-Wisconsin Rapids, WI CSA",307085,153652.0,8884.0,9073.0,10189.0,6173.0,4488.0,2461.0,2319.0,6273.0,8802.0,9285.0,8524.0,9446.0,10163.0,11727.0,11780.0,4372.0,6097.0,3733.0,4336.0,5921.0,4263.0,2710.0,2633.0,153433.0,8264.0,9056.0,9426.0,5722.0,4009.0,1881.0,2240.0,6406.0,8189.0,9033.0,8085.0,9219.0,9963.0,11576.0,11942.0,3776.0,6142.0,3517.0,4718.0,6464.0,4826.0,4014.0,4965.0,554
556,"Wichita-Arkansas City-Winfield, KS CSA",678071,336330.0,24706.0,24783.0,25423.0,15109.0,8982.0,4897.0,4897.0,14064.0,23582.0,22826.0,20513.0,20043.0,19961.0,22048.0,23091.0,7830.0,11383.0,7168.0,7550.0,10342.0,7202.0,5217.0,4713.0,341741.0,23263.0,24571.0,24141.0,14078.0,8386.0,4283.0,4438.0,13363.0,22974.0,22905.0,20365.0,19991.0,19867.0,22366.0,22671.0,9307.0,11931.0,6990.0,8809.0,11978.0,8958.0,7416.0,8690.0,556
