B24080_001E,B24080_002E,B24080_003E,B24080_004E,B24080_005E,B24080_006E,B24080_007E,B24080_008E,B24080_009E,B24080_010E,B24080_011E,B24080_012E,B24080_013E,B24080_014E,B24080_015E,B24080_016E,B24080_017E,B24080_018E,B24080_019E,B24080_020E,B24080_021E,name,congressional district,state
289876.0,148463.0,116628.0,109944.0,6684.0,6669.0,8070.0,4425.0,2853.0,9582.0,236.0,141413.0,98826.0,96059.0,2767.0,13224.0,12490.0,8612.0,2708.0,5395.0,158.0,"Congressional District 1 (115th Congress), Alabama",01,01
283196.0,146548.0,105072.0,99462.0,5610.0,6477.0,8808.0,7735.0,8348.0,9838.0,270.0,136648.0,90718.0,88517.0,2201.0,12695.0,10069.0,12059.0,4835.0,6096.0,176.0,"Congressional District 2 (115th Congress), Alabama",02,01
295620.0,155182.0,115928.0,110391.0,5537.0,6405.0,8679.0,7649.0,6513.0,9773.0,235.0,140438.0,96889.0,94532.0,2357.0,11130.0,11097.0,12071.0,3878.0,5160.0,213.0,"Congressional District 3 (115th Congress), Alabama",03,01
273369.0,149753.0,115107.0,109000.0,6107.0,4600.0,9718.0,5573.0,2751.0,11628.0,376.0,123616.0,86472.0,84196.0,2276.0,9353.0,9807.0,10130.0,1990.0,5564.0,300.0,"Congressional District 4 (115th Congress), Alabama",04,01
319268.0,171552.0,126838.0,121393.0,5445.0,6629.0,8686.0,4853.0,13924.0,10188.0,434.0,147716.0,99483.0,96872.0,2611.0,14540.0,10856.0,8273.0,7841.0,6445.0,278.0,"Congressional District 5 (115th Congress), Alabama",05,01
327902.0,173962.0,136450.0,127104.0,9346.0,9965.0,8794.0,5429.0,3727.0,9305.0,292.0,153940.0,105089.0,101614.0,3475.0,17159.0,11477.0,9969.0,3715.0,6190.0,341.0,"Congressional District 6 (115th Congress), Alabama",06,01
266278.0,129786.0,98169.0,94439.0,3730.0,6569.0,7636.0,7759.0,2450.0,6942.0,261.0,136492.0,93119.0,91575.0,1544.0,14333.0,8959.0,11889.0,3677.0,4297.0,218.0,"Congressional District 7 (115th Congress), Alabama",07,01
354045.0,190962.0,121971.0,114395.0,7576.0,12434.0,14085.0,14245.0,15286.0,12601.0,340.0,163083.0,85348.0,81495.0,3853.0,22039.0,19279.0,17328.0,9076.0,9565.0,448.0,"Congressional District (at Large) (115th Congress), Alaska",00,02
274785.0,144086.0,99364.0,93553.0,5811.0,6618.0,13882.0,8135.0,7290.0,8394.0,403.0,130699.0,77175.0,73990.0,3185.0,12120.0,15969.0,12696.0,6014.0,6462.0,263.0,"Congressional District 1 (115th Congress), Arizona",01,04
304768.0,158060.0,109386.0,102325.0,7061.0,8299.0,9255.0,8750.0,11770.0,10307.0,293.0,146708.0,95479.0,91622.0,3857.0,15004.0,11130.0,10896.0,5558.0,8326.0,315.0,"Congressional District 2 (115th Congress), Arizona",02,04
312715.0,169740.0,125259.0,120657.0,4602.0,6609.0,11403.0,7365.0,7182.0,11634.0,288.0,142975.0,96202.0,94166.0,2036.0,12060.0,14372.0,9793.0,3708.0,6611.0,229.0,"Congressional District 3 (115th Congress), Arizona",03,04
265467.0,140972.0,104168.0,96969.0,7199.0,5433.0,9827.0,4750.0,5643.0,11038.0,113.0,124495.0,83532.0,80011.0,3521.0,11638.0,11342.0,6783.0,2987.0,7985.0,228.0,"Congressional District 4 (115th Congress), Arizona",04,04
360110.0,193156.0,155356.0,144893.0,10463.0,7678.0,10144.0,4568.0,3389.0,11770.0,251.0,166954.0,120395.0,115711.0,4684.0,14551.0,12576.0,7850.0,1720.0,9544.0,318.0,"Congressional District 5 (115th Congress), Arizona",05,04
377504.0,201118.0,161309.0,145026.0,16283.0,8920.0,7323.0,4794.0,3068.0,15310.0,394.0,176386.0,130063.0,122692.0,7371.0,15023.0,9676.0,8174.0,1870.0,11093.0,487.0,"Congressional District 6 (115th Congress), Arizona",06,04
323741.0,181474.0,146745.0,141637.0,5108.0,6212.0,7157.0,4207.0,2525.0,14447.0,181.0,142267.0,106339.0,104178.0,2161.0,10449.0,8936.0,7547.0,1947.0,6897.0,152.0,"Congressional District 7 (115th Congress), Arizona",07,04
328735.0,169649.0,133150.0,125409.0,7741.0,7562.0,9342.0,5065.0,4118.0,10223.0,189.0,159086.0,113029.0,109346.0,3683.0,15465.0,11357.0,8445.0,3036.0,7593.0,161.0,"Congressional District 8 (115th Congress), Arizona",08,04
354727.0,200184.0,154193.0,148049.0,6144.0,9076.0,8780.0,2219.0,1683.0,23945.0,288.0,154543.0,105925.0,102944.0,2981.0,12927.0,12037.0,4222.0,1203.0,18007.0,222.0,"Congressional District 34 (115th Congress), California",34,06
289217.0,152804.0,112385.0,105226.0,7159.0,6649.0,7040.0,8258.0,3326.0,14770.0,376.0,136413.0,88709.0,86422.0,2287.0,12933.0,8440.0,17153.0,2564.0,6358.0,256.0,"Congressional District 1 (115th Congress), Arkansas",01,05
345856.0,177655.0,129476.0,121856.0,7620.0,11435.0,7408.0,12217.0,5661.0,11048.0,410.0,168201.0,104721.0,101593.0,3128.0,21002.0,9861.0,21570.0,4213.0,6611.0,223.0,"Congressional District 2 (115th Congress), Arkansas",02,05
355535.0,192824.0,154419.0,147185.0,7234.0,8648.0,7478.0,7562.0,2209.0,12291.0,217.0,162711.0,114766.0,111660.0,3106.0,16010.0,9607.0,11620.0,2279.0,8206.0,223.0,"Congressional District 3 (115th Congress), Arkansas",03,05
285928.0,148566.0,109969.0,103687.0,6282.0,6617.0,7310.0,8875.0,3238.0,12314.0,243.0,137362.0,88746.0,86528.0,2218.0,11492.0,10306.0,17735.0,2929.0,5885.0,269.0,"Congressional District 4 (115th Congress), Arkansas",04,05
334058.0,181658.0,142223.0,136347.0,5876.0,7719.0,11854.0,3027.0,2252.0,14321.0,262.0,152400.0,109219.0,106286.0,2933.0,11927.0,16430.0,5824.0,1718.0,7121.0,161.0,"Congressional District 32 (115th Congress), California",32,06
368343.0,195488.0,146543.0,121358.0,25185.0,9528.0,6992.0,5536.0,2142.0,24410.0,337.0,172855.0,114827.0,103168.0,11659.0,16847.0,10505.0,8223.0,2099.0,19911.0,443.0,"Congressional District 33 (115th Congress), California",33,06
406066.0,221414.0,177721.0,168936.0,8785.0,9075.0,10438.0,7379.0,3192.0,13271.0,338.0,184652.0,134902.0,130279.0,4623.0,15491.0,12447.0,10966.0,2515.0,8225.0,106.0,"Congressional District 9 (115th Congress), Arizona",09,04
320798.0,180057.0,146127.0,141524.0,4603.0,6441.0,9183.0,3738.0,2099.0,12196.0,273.0,140741.0,100918.0,99347.0,1571.0,9732.0,14711.0,6657.0,1438.0,7077.0,208.0,"Congressional District 35 (115th Congress), California",35,06
281366.0,155050.0,116392.0,109305.0,7087.0,6877.0,8757.0,4235.0,2167.0,16446.0,176.0,126316.0,87063.0,83501.0,3562.0,8852.0,13001.0,6393.0,1491.0,9313.0,203.0,"Congressional District 36 (115th Congress), California",36,06
360786.0,189199.0,142856.0,130877.0,11979.0,9630.0,7655.0,5657.0,2044.0,21079.0,278.0,171587.0,114603.0,108483.0,6120.0,16559.0,12876.0,7689.0,2592.0,17117.0,151.0,"Congressional District 37 (115th Congress), California",37,06
328109.0,176723.0,138025.0,133299.0,4726.0,7093.0,12705.0,3431.0,2844.0,12516.0,109.0,151386.0,105243.0,103012.0,2231.0,11644.0,18437.0,7965.0,1516.0,6417.0,164.0,"Congressional District 38 (115th Congress), California",38,06
353508.0,189185.0,145874.0,134831.0,11043.0,8138.0,11446.0,5278.0,2355.0,15793.0,301.0,164323.0,113649.0,108150.0,5499.0,13362.0,16773.0,8725.0,1560.0,9826.0,428.0,"Congressional District 39 (115th Congress), California",39,06
306801.0,176330.0,147735.0,144289.0,3446.0,5012.0,6592.0,1553.0,1421.0,13859.0,158.0,130471.0,98099.0,96893.0,1206.0,6662.0,12122.0,4158.0,1240.0,7968.0,222.0,"Congressional District 40 (115th Congress), California",40,06
320888.0,178762.0,140036.0,135991.0,4045.0,6340.0,10650.0,5526.0,3366.0,12668.0,176.0,142126.0,97366.0,95897.0,1469.0,8849.0,19457.0,7477.0,2262.0,6448.0,267.0,"Congressional District 41 (115th Congress), California",41,06
335791.0,186280.0,140506.0,131561.0,8945.0,5496.0,13295.0,5349.0,5878.0,15327.0,429.0,149511.0,102359.0,98017.0,4342.0,9351.0,17127.0,8266.0,2427.0,9726.0,255.0,"Congressional District 42 (115th Congress), California",42,06
338130.0,177667.0,135487.0,130003.0,5484.0,8025.0,10140.0,3214.0,3496.0,17058.0,247.0,160463.0,110214.0,107606.0,2608.0,12338.0,16565.0,6104.0,3048.0,11890.0,304.0,"Congressional District 43 (115th Congress), California",43,06
304515.0,166792.0,136191.0,132863.0,3328.0,5763.0,8244.0,2168.0,2258.0,12018.0,150.0,137723.0,99409.0,98127.0,1282.0,8582.0,14661.0,5365.0,2203.0,7258.0,245.0,"Congressional District 44 (115th Congress), California",44,06
383274.0,208271.0,165914.0,150154.0,15760.0,7669.0,9245.0,6033.0,2726.0,16340.0,344.0,175003.0,123151.0,116479.0,6672.0,13749.0,13663.0,8417.0,2309.0,13269.0,445.0,"Congressional District 45 (115th Congress), California",45,06
351566.0,197394.0,167337.0,163396.0,3941.0,5757.0,7051.0,3061.0,1837.0,12209.0,142.0,154172.0,119764.0,117934.0,1830.0,9357.0,10465.0,4713.0,1146.0,8575.0,152.0,"Congressional District 46 (115th Congress), California",46,06
346260.0,184476.0,142970.0,136707.0,6263.0,7237.0,10770.0,4471.0,3164.0,15616.0,248.0,161784.0,112431.0,109184.0,3247.0,12485.0,16563.0,8036.0,2264.0,9734.0,271.0,"Congressional District 47 (115th Congress), California",47,06
371477.0,200426.0,158426.0,142981.0,15445.0,6508.0,9406.0,3527.0,2585.0,19575.0,399.0,171051.0,124500.0,117997.0,6503.0,11267.0,12187.0,5989.0,1545.0,15061.0,502.0,"Congressional District 48 (115th Congress), California",48,06
338424.0,185314.0,141757.0,128245.0,13512.0,7064.0,8143.0,3462.0,6214.0,18424.0,250.0,153110.0,105131.0,98820.0,6311.0,11929.0,12036.0,5144.0,3398.0,15106.0,366.0,"Congressional District 49 (115th Congress), California",49,06
343222.0,188730.0,140860.0,132674.0,8186.0,8078.0,10583.0,4763.0,6895.0,17142.0,409.0,154492.0,104133.0,100513.0,3620.0,14219.0,12927.0,7548.0,3137.0,12298.0,230.0,"Congressional District 50 (115th Congress), California",50,06
283853.0,152996.0,114688.0,111566.0,3122.0,6311.0,8016.0,4787.0,7502.0,11506.0,186.0,130857.0,88449.0,86838.0,1611.0,8709.0,13956.0,7556.0,4252.0,7698.0,237.0,"Congressional District 51 (115th Congress), California",51,06
377314.0,202556.0,151570.0,138768.0,12802.0,10717.0,7730.0,7864.0,9681.0,14831.0,163.0,174758.0,117113.0,111503.0,5610.0,18723.0,12307.0,8685.0,4842.0,12745.0,343.0,"Congressional District 52 (115th Congress), California",52,06
378259.0,199079.0,140350.0,131024.0,9326.0,10354.0,10462.0,7217.0,14642.0,15770.0,284.0,179180.0,113304.0,109792.0,3512.0,18875.0,15973.0,10852.0,7324.0,12305.0,547.0,"Congressional District 53 (115th Congress), California",53,06
313838.0,164818.0,113357.0,105068.0,8289.0,8661.0,11976.0,8717.0,3970.0,17715.0,422.0,149020.0,92169.0,87500.0,4669.0,14930.0,15518.0,9795.0,2183.0,13998.0,427.0,"Congressional District 4 (115th Congress), California",04,06
280980.0,145961.0,95623.0,89770.0,5853.0,8273.0,10139.0,8709.0,4036.0,18770.0,411.0,135019.0,77443.0,74152.0,3291.0,15834.0,16565.0,9882.0,2436.0,12397.0,462.0,"Congressional District 1 (115th Congress), California",01,06
337352.0,176504.0,116828.0,107007.0,9821.0,10059.0,12049.0,7223.0,2692.0,27118.0,535.0,160848.0,89596.0,84681.0,4915.0,19877.0,17605.0,9861.0,2096.0,21071.0,742.0,"Congressional District 2 (115th Congress), California",02,06
309141.0,164053.0,113972.0,109343.0,4629.0,7575.0,10987.0,12904.0,5298.0,12968.0,349.0,145088.0,84464.0,82282.0,2182.0,14295.0,18602.0,14256.0,4107.0,9081.0,283.0,"Congressional District 3 (115th Congress), California",03,06
355537.0,185259.0,136942.0,129864.0,7078.0,9141.0,12306.0,5443.0,2802.0,18316.0,309.0,170278.0,108558.0,105217.0,3341.0,18374.0,17107.0,9891.0,2493.0,13583.0,272.0,"Congressional District 5 (115th Congress), California",05,06
327174.0,168583.0,116528.0,112213.0,4315.0,8962.0,9774.0,16914.0,3518.0,12667.0,220.0,158591.0,95583.0,93928.0,1655.0,13903.0,14936.0,23497.0,2283.0,8178.0,211.0,"Congressional District 6 (115th Congress), California",06,06
356064.0,189562.0,143297.0,134538.0,8759.0,9596.0,10634.0,4900.0,2826.0,17914.0,395.0,166502.0,105484.0,101512.0,3972.0,18913.0,16558.0,7012.0,2562.0,15621.0,352.0,"Congressional District 11 (115th Congress), California",11,06
262452.0,140952.0,100504.0,96226.0,4278.0,4926.0,11607.0,4676.0,6673.0,12419.0,147.0,121500.0,75503.0,73524.0,1979.0,8551.0,17960.0,7155.0,3808.0,8220.0,303.0,"Congressional District 8 (115th Congress), California",08,06
310514.0,169575.0,129158.0,123696.0,5462.0,7499.0,11538.0,5536.0,3371.0,12253.0,220.0,140939.0,92731.0,90259.0,2472.0,12562.0,16771.0,8638.0,1970.0,7871.0,396.0,"Congressional District 9 (115th Congress), California",09,06
309613.0,171528.0,135266.0,130338.0,4928.0,6680.0,9909.0,4461.0,2442.0,12510.0,260.0,138085.0,93625.0,91509.0,2116.0,11217.0,16758.0,6671.0,1873.0,7660.0,281.0,"Congressional District 10 (115th Congress), California",10,06
446256.0,241101.0,183044.0,172927.0,10117.0,15494.0,10927.0,6405.0,4574.0,20255.0,402.0,205155.0,138828.0,133888.0,4940.0,23584.0,14143.0,8335.0,3714.0,16312.0,239.0,"Congressional District 12 (115th Congress), California",12,06
384302.0,197486.0,135266.0,128273.0,6993.0,16428.0,11303.0,10047.0,4223.0,19918.0,301.0,186816.0,105739.0,102440.0,3299.0,28067.0,19520.0,12655.0,3648.0,16968.0,219.0,"Congressional District 13 (115th Congress), California",13,06
400010.0,210011.0,161470.0,153091.0,8379.0,11072.0,12611.0,4165.0,3707.0,16765.0,221.0,189999.0,129675.0,125535.0,4140.0,18488.0,17233.0,6939.0,3230.0,14090.0,344.0,"Congressional District 14 (115th Congress), California",14,06
382497.0,208541.0,168393.0,161062.0,7331.0,8526.0,10944.0,3850.0,5032.0,11543.0,253.0,173956.0,125699.0,122075.0,3624.0,14402.0,14965.0,6368.0,3093.0,9071.0,358.0,"Congressional District 15 (115th Congress), California",15,06
265276.0,148260.0,116203.0,113135.0,3068.0,5624.0,9172.0,4695.0,1990.0,10406.0,170.0,117016.0,76663.0,75343.0,1320.0,7837.0,16519.0,6884.0,3037.0,5875.0,201.0,"Congressional District 16 (115th Congress), California",16,06
390663.0,223231.0,194736.0,189395.0,5341.0,7170.0,6983.0,2296.0,2173.0,9804.0,69.0,167432.0,127891.0,125228.0,2663.0,13036.0,11982.0,4210.0,1757.0,8301.0,255.0,"Congressional District 17 (115th Congress), California",17,06
372695.0,205361.0,163673.0,154064.0,9609.0,12931.0,7965.0,2837.0,2135.0,15463.0,357.0,167334.0,110809.0,105579.0,5230.0,20754.0,14147.0,4819.0,1798.0,14634.0,373.0,"Congressional District 18 (115th Congress), California",18,06
381300.0,209673.0,169915.0,163626.0,6289.0,8605.0,11148.0,3683.0,2659.0,13454.0,209.0,171627.0,121346.0,118243.0,3103.0,14421.0,17727.0,5968.0,2017.0,9957.0,191.0,"Congressional District 19 (115th Congress), California",19,06
327686.0,178612.0,130701.0,124670.0,6031.0,8463.0,10686.0,7642.0,4295.0,16525.0,300.0,149074.0,96470.0,93470.0,3000.0,13082.0,15441.0,8683.0,3052.0,11983.0,363.0,"Congressional District 20 (115th Congress), California",20,06
253927.0,148644.0,120795.0,117720.0,3075.0,4161.0,6022.0,5216.0,3188.0,8969.0,293.0,105283.0,71990.0,70603.0,1387.0,6157.0,12513.0,6961.0,2477.0,5057.0,128.0,"Congressional District 21 (115th Congress), California",21,06
315465.0,171146.0,123958.0,117382.0,6576.0,8231.0,13007.0,8598.0,3686.0,13342.0,324.0,144319.0,87651.0,85424.0,2227.0,13565.0,19408.0,11616.0,3316.0,8492.0,271.0,"Congressional District 22 (115th Congress), California",22,06
290156.0,161385.0,115384.0,109867.0,5517.0,5244.0,13480.0,7671.0,7184.0,12119.0,303.0,128771.0,79323.0,76561.0,2762.0,10788.0,19338.0,7936.0,3424.0,7674.0,288.0,"Congressional District 23 (115th Congress), California",23,06
346159.0,186393.0,131449.0,122785.0,8664.0,8725.0,11155.0,12003.0,4648.0,18051.0,362.0,159766.0,98925.0,94869.0,4056.0,15305.0,15641.0,13228.0,2280.0,13771.0,616.0,"Congressional District 24 (115th Congress), California",24,06
316866.0,173646.0,126254.0,119228.0,7026.0,7864.0,15364.0,4305.0,4152.0,15446.0,261.0,143220.0,97266.0,93953.0,3313.0,11615.0,16105.0,6147.0,1545.0,10180.0,362.0,"Congressional District 25 (115th Congress), California",25,06
346260.0,187203.0,142019.0,132775.0,9244.0,6510.0,12101.0,4071.0,6236.0,16057.0,209.0,159057.0,108316.0,104230.0,4086.0,11997.0,16467.0,6675.0,3097.0,12227.0,278.0,"Congressional District 26 (115th Congress), California",26,06
348222.0,181903.0,132253.0,119199.0,13054.0,13213.0,12887.0,4448.0,3145.0,15660.0,297.0,166319.0,107450.0,101210.0,6240.0,19697.0,18540.0,7088.0,2364.0,10912.0,268.0,"Congressional District 27 (115th Congress), California",27,06
390812.0,210394.0,152445.0,138107.0,14338.0,12253.0,9403.0,3511.0,2206.0,30207.0,369.0,180418.0,119720.0,113120.0,6600.0,18907.0,13996.0,5692.0,1596.0,20172.0,335.0,"Congressional District 28 (115th Congress), California",28,06
347338.0,195022.0,150277.0,144462.0,5815.0,7566.0,8132.0,2799.0,2126.0,23883.0,239.0,152316.0,107302.0,104840.0,2462.0,12241.0,11469.0,4882.0,1779.0,14340.0,303.0,"Congressional District 29 (115th Congress), California",29,06
393402.0,209541.0,158514.0,139218.0,19296.0,8636.0,7889.0,4333.0,2190.0,27684.0,295.0,183861.0,128191.0,120651.0,7540.0,15869.0,12071.0,6065.0,1604.0,19589.0,472.0,"Congressional District 30 (115th Congress), California",30,06
314762.0,167179.0,127571.0,122926.0,4645.0,8464.0,12629.0,5221.0,2505.0,10635.0,154.0,147583.0,94295.0,91850.0,2445.0,13114.0,21729.0,9175.0,2151.0,6901.0,218.0,"Congressional District 31 (115th Congress), California",31,06
335727.0,173767.0,117173.0,110699.0,6474.0,9079.0,10801.0,17745.0,3585.0,14934.0,450.0,161960.0,94946.0,92394.0,2552.0,17634.0,15048.0,21765.0,2455.0,9847.0,265.0,"Congressional District 7 (115th Congress), California",07,06
412167.0,219166.0,177847.0,165367.0,12480.0,9796.0,9345.0,4658.0,5929.0,11423.0,168.0,193001.0,137459.0,130915.0,6544.0,18187.0,15350.0,6941.0,4700.0,9979.0,385.0,"Congressional District 6 (115th Congress), Colorado",06,08
408011.0,218258.0,174730.0,164593.0,10137.0,9399.0,10500.0,4650.0,6109.0,12618.0,252.0,189753.0,132193.0,126822.0,5371.0,18330.0,15996.0,7904.0,4845.0,10196.0,289.0,"Congressional District 7 (115th Congress), Colorado",07,08
364173.0,180964.0,132516.0,125143.0,7373.0,16675.0,10908.0,5603.0,3300.0,11801.0,161.0,183209.0,117718.0,114932.0,2786.0,30493.0,16390.0,7943.0,2392.0,7859.0,414.0,"Congressional District 3 (115th Congress), Connecticut",03,09
442144.0,237237.0,188155.0,173944.0,14211.0,13880.0,9714.0,6180.0,5177.0,13879.0,252.0,204907.0,139817.0,132813.0,7004.0,26396.0,14600.0,8693.0,4055.0,11147.0,199.0,"Congressional District 1 (115th Congress), Colorado",01,08
426528.0,229490.0,172769.0,155820.0,16949.0,12180.0,11642.0,11644.0,5381.0,15627.0,247.0,197038.0,126701.0,117537.0,9164.0,21458.0,17084.0,12508.0,3609.0,15217.0,461.0,"Congressional District 2 (115th Congress), Colorado",02,08
385194.0,211800.0,165277.0,150941.0,14336.0,7851.0,13235.0,6052.0,4219.0,14684.0,482.0,173394.0,115626.0,109125.0,6501.0,16837.0,17370.0,9204.0,2839.0,11084.0,434.0,"Congressional District 4 (115th Congress), Colorado",04,08
343130.0,184623.0,132968.0,119188.0,13780.0,9252.0,12926.0,7435.0,4218.0,17103.0,721.0,158507.0,100079.0,93241.0,6838.0,18500.0,14606.0,10221.0,3410.0,11232.0,459.0,"Congressional District 3 (115th Congress), Colorado",03,08
342902.0,180923.0,129635.0,118968.0,10667.0,11591.0,10625.0,5316.0,13262.0,10251.0,243.0,161979.0,103741.0,98131.0,5610.0,19027.0,14242.0,7218.0,7505.0,9872.0,374.0,"Congressional District 5 (115th Congress), Colorado",05,08
358645.0,180474.0,135253.0,128089.0,7164.0,11568.0,10899.0,8292.0,2847.0,11321.0,294.0,178171.0,118979.0,116636.0,2343.0,23101.0,15796.0,11045.0,1946.0,6800.0,504.0,"Congressional District 1 (115th Congress), Connecticut",01,09
360184.0,186904.0,139178.0,130765.0,8413.0,9750.0,10424.0,10124.0,5118.0,11978.0,332.0,173280.0,109805.0,106899.0,2906.0,22946.0,18712.0,10403.0,2771.0,8384.0,259.0,"Congressional District 2 (115th Congress), Connecticut",02,09
364677.0,193793.0,152081.0,138562.0,13519.0,9819.0,9001.0,2859.0,2148.0,17590.0,295.0,170884.0,117701.0,112544.0,5157.0,18770.0,14769.0,4125.0,1387.0,13908.0,224.0,"Congressional District 4 (115th Congress), Connecticut",04,09
357407.0,184995.0,140097.0,130741.0,9356.0,9754.0,10968.0,6126.0,1684.0,15967.0,399.0,172412.0,115819.0,112278.0,3541.0,20237.0,17012.0,8042.0,1570.0,9145.0,587.0,"Congressional District 5 (115th Congress), Connecticut",05,09
357701.0,172966.0,95833.0,89222.0,6611.0,27583.0,7717.0,3341.0,30831.0,7433.0,228.0,184735.0,88911.0,85024.0,3887.0,41709.0,10086.0,4210.0,31746.0,7821.0,252.0,"Delegate District (at Large) (115th Congress), District of Columbia",98,11
371737.0,194518.0,155501.0,141072.0,14429.0,10338.0,9516.0,4094.0,4001.0,10627.0,441.0,177219.0,127822.0,120836.0,6986.0,17757.0,13676.0,6148.0,2541.0,9066.0,209.0,"Congressional District 7 (115th Congress), Florida",07,12
441513.0,223597.0,172344.0,160886.0,11458.0,13595.0,6601.0,14694.0,5848.0,10281.0,234.0,217916.0,150989.0,146351.0,4638.0,24141.0,6345.0,24383.0,4799.0,6967.0,292.0,"Congressional District (at Large) (115th Congress), Delaware",00,10
322639.0,169373.0,120224.0,111196.0,9028.0,9626.0,8938.0,4364.0,14484.0,11580.0,157.0,153266.0,101212.0,97294.0,3918.0,16516.0,13052.0,6238.0,6726.0,9324.0,198.0,"Congressional District 1 (115th Congress), Florida",01,12
285606.0,149519.0,101667.0,92222.0,9445.0,6185.0,10262.0,14859.0,6023.0,10324.0,199.0,136087.0,84014.0,80102.0,3912.0,10317.0,13283.0,17597.0,3595.0,6918.0,363.0,"Congressional District 2 (115th Congress), Florida",02,12
304270.0,156406.0,111360.0,101425.0,9935.0,8318.0,9117.0,13217.0,5974.0,8183.0,237.0,147864.0,95451.0,91129.0,4322.0,15423.0,12833.0,14130.0,3598.0,6211.0,218.0,"Congressional District 3 (115th Congress), Florida",03,12
374640.0,197524.0,155912.0,142200.0,13712.0,11276.0,9330.0,3403.0,7656.0,9685.0,262.0,177116.0,125762.0,119866.0,5896.0,20209.0,13003.0,6271.0,3896.0,7811.0,164.0,"Congressional District 4 (115th Congress), Florida",04,12
309449.0,150612.0,109275.0,103941.0,5334.0,7873.0,9415.0,10931.0,4986.0,7968.0,164.0,158837.0,104920.0,102637.0,2283.0,14433.0,13099.0,17694.0,3815.0,4682.0,194.0,"Congressional District 5 (115th Congress), Florida",05,12
300435.0,154455.0,122740.0,110648.0,12092.0,6625.0,10192.0,2906.0,2108.0,9695.0,189.0,145980.0,103820.0,98597.0,5223.0,14439.0,13629.0,4835.0,1551.0,7501.0,205.0,"Congressional District 6 (115th Congress), Florida",06,12
301839.0,156495.0,122476.0,110214.0,12262.0,6633.0,8908.0,2579.0,6731.0,8771.0,397.0,145344.0,103478.0,97186.0,6292.0,13301.0,11945.0,4705.0,3673.0,7961.0,281.0,"Congressional District 8 (115th Congress), Florida",08,12
353191.0,187235.0,152967.0,143526.0,9441.0,8721.0,8899.0,2952.0,3527.0,9984.0,185.0,165956.0,125725.0,121625.0,4100.0,12962.0,14688.0,4546.0,2105.0,5658.0,272.0,"Congressional District 9 (115th Congress), Florida",09,12
392241.0,203391.0,174539.0,161233.0,13306.0,7823.0,7733.0,2160.0,2173.0,8806.0,157.0,188850.0,147848.0,141869.0,5979.0,15178.0,12666.0,4675.0,1913.0,6225.0,345.0,"Congressional District 10 (115th Congress), Florida",10,12
239238.0,120571.0,95251.0,86241.0,9010.0,4265.0,7903.0,2316.0,2115.0,8271.0,450.0,118667.0,85721.0,81129.0,4592.0,9446.0,11273.0,3957.0,1472.0,6464.0,334.0,"Congressional District 11 (115th Congress), Florida",11,12
314189.0,160758.0,127233.0,114456.0,12777.0,7373.0,9764.0,3050.0,3557.0,9429.0,352.0,153431.0,111723.0,106286.0,5437.0,14052.0,13518.0,4554.0,2344.0,6937.0,303.0,"Congressional District 12 (115th Congress), Florida",12,12
333270.0,168406.0,134371.0,120397.0,13974.0,7104.0,10251.0,2539.0,3371.0,10521.0,249.0,164864.0,120887.0,114944.0,5943.0,15796.0,11876.0,4646.0,3054.0,8382.0,223.0,"Congressional District 13 (115th Congress), Florida",13,12
372120.0,191362.0,155340.0,141035.0,14305.0,8534.0,8538.0,3878.0,4871.0,10027.0,174.0,180758.0,132584.0,126295.0,6289.0,16033.0,13892.0,7077.0,3763.0,7211.0,198.0,"Congressional District 14 (115th Congress), Florida",14,12
345515.0,180151.0,145813.0,135419.0,10394.0,7675.0,10143.0,3309.0,3968.0,9104.0,139.0,165364.0,122570.0,118630.0,3940.0,13085.0,15048.0,5262.0,2803.0,6352.0,244.0,"Congressional District 15 (115th Congress), Florida",15,12
330228.0,172995.0,138866.0,123639.0,15227.0,7255.0,8567.0,2260.0,3886.0,11872.0,289.0,157233.0,112385.0,105171.0,7214.0,14045.0,14265.0,4341.0,2067.0,9804.0,326.0,"Congressional District 16 (115th Congress), Florida",16,12
264514.0,139745.0,108049.0,97943.0,10106.0,5630.0,9965.0,3048.0,1519.0,11181.0,353.0,124769.0,88790.0,84296.0,4494.0,9479.0,13237.0,4956.0,1325.0,6669.0,313.0,"Congressional District 17 (115th Congress), Florida",17,12
330209.0,172729.0,137383.0,119970.0,17413.0,6428.0,11431.0,3256.0,2159.0,11836.0,236.0,157480.0,115359.0,106992.0,8367.0,11931.0,14191.0,4643.0,1918.0,9082.0,356.0,"Congressional District 18 (115th Congress), Florida",18,12
316549.0,166195.0,132187.0,115945.0,16242.0,7832.0,9229.0,2604.0,1943.0,12011.0,389.0,150354.0,109613.0,102168.0,7445.0,14234.0,11736.0,3821.0,1326.0,9340.0,284.0,"Congressional District 19 (115th Congress), Florida",19,12
350849.0,173772.0,142590.0,132943.0,9647.0,5095.0,10967.0,2011.0,2541.0,10223.0,345.0,177077.0,133737.0,129279.0,4458.0,10267.0,16141.0,4963.0,2844.0,9007.0,118.0,"Congressional District 20 (115th Congress), Florida",20,12
339761.0,181186.0,146683.0,129090.0,17593.0,6073.0,9740.0,3032.0,2150.0,13296.0,212.0,158575.0,119582.0,111885.0,7697.0,10615.0,12315.0,3358.0,1736.0,10758.0,211.0,"Congressional District 21 (115th Congress), Florida",21,12
372783.0,202212.0,163729.0,140364.0,23365.0,7726.0,10076.0,2887.0,2504.0,15010.0,280.0,170571.0,129356.0,120162.0,9194.0,11049.0,13040.0,4002.0,1299.0,11636.0,189.0,"Congressional District 22 (115th Congress), Florida",22,12
369730.0,193028.0,154599.0,131821.0,22778.0,6878.0,11825.0,2882.0,4261.0,12196.0,387.0,176702.0,132560.0,122508.0,10052.0,12903.0,14870.0,3843.0,2681.0,9468.0,377.0,"Congressional District 23 (115th Congress), Florida",23,12
329901.0,169512.0,134422.0,125311.0,9111.0,5509.0,10633.0,2306.0,2932.0,13452.0,258.0,160389.0,117485.0,113404.0,4081.0,10524.0,16000.0,4276.0,3125.0,8732.0,247.0,"Congressional District 24 (115th Congress), Florida",24,12
350450.0,189448.0,155005.0,140840.0,14165.0,5537.0,8878.0,1422.0,2005.0,16258.0,343.0,161002.0,127007.0,120462.0,6545.0,8821.0,10767.0,2361.0,1373.0,10369.0,304.0,"Congressional District 25 (115th Congress), Florida",25,12
361148.0,191321.0,148177.0,132515.0,15662.0,6365.0,12880.0,3216.0,4753.0,15613.0,317.0,169827.0,126665.0,120657.0,6008.0,12476.0,13650.0,3971.0,2325.0,10491.0,249.0,"Congressional District 26 (115th Congress), Florida",26,12
382069.0,208529.0,165559.0,142520.0,23039.0,8959.0,9315.0,3066.0,2753.0,18461.0,416.0,173540.0,127156.0,117405.0,9751.0,13852.0,11076.0,3723.0,2055.0,15416.0,262.0,"Congressional District 27 (115th Congress), Florida",27,12
349199.0,170499.0,131765.0,122881.0,8884.0,8019.0,9666.0,4679.0,4964.0,10999.0,407.0,178700.0,123394.0,119528.0,3866.0,15416.0,16623.0,9584.0,6280.0,7155.0,248.0,"Congressional District 4 (115th Congress), Georgia",04,13
308316.0,159539.0,116995.0,108690.0,8305.0,6575.0,8202.0,5467.0,11887.0,10108.0,305.0,148777.0,98363.0,94536.0,3827.0,12410.0,13808.0,10895.0,6346.0,6609.0,346.0,"Congressional District 1 (115th Congress), Georgia",01,13
253526.0,125188.0,89301.0,84440.0,4861.0,5491.0,8732.0,5929.0,7115.0,8419.0,201.0,128338.0,83450.0,81383.0,2067.0,9672.0,12122.0,13159.0,5271.0,4433.0,231.0,"Congressional District 2 (115th Congress), Georgia",02,13
318404.0,167174.0,129568.0,121369.0,8199.0,5915.0,10835.0,5054.0,5676.0,9837.0,289.0,151230.0,103409.0,99373.0,4036.0,12048.0,14210.0,11615.0,3249.0,6490.0,209.0,"Congressional District 3 (115th Congress), Georgia",03,13
362586.0,179097.0,137896.0,128424.0,9472.0,10890.0,8272.0,7791.0,4655.0,9423.0,170.0,183489.0,125143.0,120210.0,4933.0,21141.0,12772.0,10448.0,5726.0,7983.0,276.0,"Congressional District 5 (115th Congress), Georgia",05,13
389552.0,212818.0,180634.0,164328.0,16306.0,7629.0,3980.0,3903.0,3141.0,13302.0,229.0,176734.0,130432.0,122847.0,7585.0,16149.0,10371.0,5359.0,3409.0,10786.0,228.0,"Congressional District 6 (115th Congress), Georgia",06,13
384522.0,207490.0,172388.0,157709.0,14679.0,6599.0,7152.0,2956.0,3747.0,14075.0,573.0,177032.0,132255.0,126727.0,5528.0,11263.0,13656.0,5828.0,3082.0,10491.0,457.0,"Congressional District 7 (115th Congress), Georgia",07,13
285750.0,147930.0,104780.0,98177.0,6603.0,6116.0,9195.0,6237.0,12598.0,8896.0,108.0,137820.0,88244.0,85682.0,2562.0,11178.0,12849.0,13640.0,6499.0,5159.0,251.0,"Congressional District 8 (115th Congress), Georgia",08,13
313596.0,170036.0,132254.0,122685.0,9569.0,6591.0,10158.0,4664.0,2083.0,14000.0,286.0,143560.0,100716.0,96631.0,4085.0,10483.0,13771.0,8799.0,2045.0,7421.0,325.0,"Congressional District 9 (115th Congress), Georgia",09,13
316866.0,165459.0,123695.0,114380.0,9315.0,7023.0,10506.0,9990.0,3176.0,10652.0,417.0,151407.0,99266.0,95382.0,3884.0,11404.0,16374.0,15903.0,2383.0,5812.0,265.0,"Congressional District 10 (115th Congress), Georgia",10,13
380668.0,203380.0,166052.0,153097.0,12955.0,7841.0,8706.0,4458.0,3211.0,12937.0,175.0,177288.0,128904.0,122641.0,6263.0,15150.0,14509.0,7067.0,2296.0,9219.0,143.0,"Congressional District 11 (115th Congress), Georgia",11,13
348638.0,183040.0,121035.0,113962.0,7073.0,10079.0,6685.0,12527.0,20867.0,11615.0,232.0,165598.0,107003.0,102979.0,4024.0,16350.0,3878.0,20636.0,9865.0,7591.0,275.0,"Congressional District 1 (115th Congress), Hawaii",01,15
323120.0,165619.0,111992.0,103721.0,8271.0,8400.0,7813.0,11102.0,10938.0,14962.0,412.0,157501.0,97257.0,92227.0,5030.0,15686.0,5085.0,20977.0,6316.0,11735.0,445.0,"Congressional District 2 (115th Congress), Hawaii",02,15
339091.0,185093.0,149487.0,138561.0,10926.0,7726.0,14718.0,2583.0,2561.0,7751.0,267.0,153998.0,110288.0,106968.0,3320.0,17181.0,14716.0,4820.0,1725.0,5012.0,256.0,"Congressional District 3 (115th Congress), Illinois",03,17
284209.0,144571.0,106139.0,99878.0,6261.0,4251.0,8134.0,8133.0,8173.0,9428.0,313.0,139638.0,92191.0,89547.0,2644.0,7993.0,12301.0,15227.0,6438.0,5372.0,116.0,"Congressional District 12 (115th Congress), Georgia",12,13
344266.0,166894.0,130617.0,122078.0,8539.0,6633.0,8605.0,4235.0,5849.0,10841.0,114.0,177372.0,123646.0,119706.0,3940.0,13455.0,16637.0,9366.0,6612.0,7490.0,166.0,"Congressional District 13 (115th Congress), Georgia",13,13
314869.0,168292.0,135803.0,128385.0,7418.0,6276.0,10266.0,3816.0,1826.0,10140.0,165.0,146577.0,105567.0,103008.0,2559.0,11754.0,13979.0,7555.0,1845.0,5672.0,205.0,"Congressional District 14 (115th Congress), Georgia",14,13
373433.0,201467.0,150032.0,138586.0,11446.0,8431.0,11553.0,9455.0,5529.0,15982.0,485.0,171966.0,112832.0,107421.0,5411.0,17083.0,13570.0,12603.0,3572.0,11801.0,505.0,"Congressional District 1 (115th Congress), Idaho",01,16
375225.0,206301.0,150952.0,138744.0,12208.0,12087.0,10906.0,8630.0,7705.0,15593.0,428.0,168924.0,111807.0,107065.0,4742.0,15788.0,13777.0,11674.0,4150.0,11180.0,548.0,"Congressional District 2 (115th Congress), Idaho",02,16
306574.0,147585.0,109637.0,104091.0,5546.0,11631.0,13002.0,3893.0,3473.0,5776.0,173.0,158989.0,103288.0,100487.0,2801.0,21433.0,17918.0,7437.0,4422.0,4370.0,121.0,"Congressional District 1 (115th Congress), Illinois",01,17
290892.0,138757.0,104707.0,100600.0,4107.0,9917.0,11260.0,3724.0,3075.0,5919.0,155.0,152135.0,100634.0,98085.0,2549.0,19801.0,14143.0,8562.0,4555.0,4269.0,171.0,"Congressional District 2 (115th Congress), Illinois",02,17
338651.0,190549.0,158607.0,154041.0,4566.0,9587.0,7889.0,2233.0,1687.0,10435.0,111.0,148102.0,110466.0,108163.0,2303.0,16550.0,10166.0,3649.0,1244.0,5785.0,242.0,"Congressional District 4 (115th Congress), Illinois",04,17
426102.0,223213.0,177888.0,165001.0,12887.0,14246.0,13564.0,3134.0,2478.0,11749.0,154.0,202889.0,143416.0,137796.0,5620.0,28206.0,14030.0,5063.0,2411.0,9479.0,284.0,"Congressional District 5 (115th Congress), Illinois",05,17
378080.0,202281.0,165830.0,149996.0,15834.0,10532.0,9863.0,3093.0,2702.0,9968.0,293.0,175799.0,126318.0,120750.0,5568.0,21084.0,14037.0,5263.0,1549.0,7288.0,260.0,"Congressional District 6 (115th Congress), Illinois",06,17
334538.0,161389.0,125095.0,118295.0,6800.0,13916.0,7876.0,3697.0,3214.0,7527.0,64.0,173149.0,116987.0,112611.0,4376.0,24984.0,12504.0,7029.0,4833.0,6685.0,127.0,"Congressional District 7 (115th Congress), Illinois",07,17
377330.0,205181.0,174502.0,164455.0,10047.0,8669.0,8381.0,2591.0,2352.0,8409.0,277.0,172149.0,134729.0,131094.0,3635.0,15200.0,10684.0,4036.0,1929.0,5281.0,290.0,"Congressional District 8 (115th Congress), Illinois",08,17
360986.0,193989.0,144937.0,131555.0,13382.0,18943.0,9918.0,2949.0,2537.0,14414.0,291.0,166997.0,109246.0,103205.0,6041.0,29997.0,12630.0,4148.0,1546.0,9121.0,309.0,"Congressional District 9 (115th Congress), Illinois",09,17
349896.0,189267.0,157760.0,144843.0,12917.0,8532.0,7906.0,2341.0,3037.0,9135.0,556.0,160629.0,120732.0,115953.0,4779.0,14247.0,11607.0,3559.0,2679.0,7408.0,397.0,"Congressional District 10 (115th Congress), Illinois",10,17
364916.0,193979.0,163763.0,154959.0,8804.0,8527.0,8271.0,3360.0,3438.0,6448.0,172.0,170937.0,129544.0,125973.0,3571.0,16892.0,11874.0,5519.0,2140.0,4801.0,167.0,"Congressional District 11 (115th Congress), Illinois",11,17
303845.0,153743.0,114331.0,110001.0,4330.0,8173.0,8250.0,8530.0,6719.0,7563.0,177.0,150102.0,99045.0,97001.0,2044.0,18938.0,10292.0,10595.0,4907.0,6136.0,189.0,"Congressional District 12 (115th Congress), Illinois",12,17
332399.0,167873.0,119310.0,113668.0,5642.0,10585.0,9040.0,16305.0,2545.0,9807.0,281.0,164526.0,101845.0,99553.0,2292.0,21607.0,12326.0,19321.0,2194.0,6926.0,307.0,"Congressional District 13 (115th Congress), Illinois",13,17
375358.0,200793.0,165595.0,153183.0,12412.0,8329.0,12301.0,3330.0,2880.0,8145.0,213.0,174565.0,125494.0,119697.0,5797.0,17828.0,16077.0,6287.0,2153.0,6339.0,387.0,"Congressional District 14 (115th Congress), Illinois",14,17
316333.0,164975.0,124455.0,118385.0,6070.0,7545.0,8329.0,8419.0,2686.0,13207.0,334.0,151358.0,100809.0,98665.0,2144.0,17268.0,11634.0,9774.0,3261.0,8286.0,326.0,"Congressional District 15 (115th Congress), Illinois",15,17
331303.0,173736.0,136964.0,129839.0,7125.0,8029.0,10131.0,6103.0,1776.0,10438.0,295.0,157567.0,107262.0,104473.0,2789.0,18873.0,13097.0,9166.0,1650.0,7227.0,292.0,"Congressional District 16 (115th Congress), Illinois",16,17
310955.0,158937.0,124713.0,119640.0,5073.0,8896.0,7467.0,4172.0,3343.0,10159.0,187.0,152018.0,104211.0,102186.0,2025.0,20865.0,10992.0,7025.0,2636.0,5991.0,298.0,"Congressional District 17 (115th Congress), Illinois",17,17
344404.0,179989.0,134029.0,126737.0,7292.0,11137.0,9315.0,10695.0,2861.0,11601.0,351.0,164415.0,105298.0,102746.0,2552.0,23905.0,11938.0,12914.0,2690.0,7400.0,270.0,"Congressional District 18 (115th Congress), Illinois",18,17
359340.0,193537.0,152070.0,144882.0,7188.0,10961.0,9010.0,9092.0,2311.0,9828.0,265.0,165803.0,114428.0,111819.0,2609.0,20238.0,12115.0,10234.0,1981.0,6539.0,268.0,"Congressional District 4 (115th Congress), Indiana",04,18
320216.0,168055.0,139223.0,132951.0,6272.0,7789.0,8895.0,3458.0,1969.0,6549.0,172.0,152161.0,108691.0,105778.0,2913.0,18498.0,12164.0,5940.0,1624.0,5010.0,234.0,"Congressional District 1 (115th Congress), Indiana",01,18
334062.0,178126.0,143764.0,136712.0,7052.0,11906.0,7298.0,3408.0,1615.0,9712.0,423.0,155936.0,108977.0,105940.0,3037.0,22917.0,11166.0,5333.0,1237.0,6095.0,211.0,"Congressional District 2 (115th Congress), Indiana",02,18
351777.0,188891.0,156838.0,148528.0,8310.0,9378.0,7456.0,3084.0,1752.0,9970.0,413.0,162886.0,117170.0,114186.0,2984.0,21502.0,9795.0,5486.0,1643.0,7076.0,214.0,"Congressional District 3 (115th Congress), Indiana",03,18
384495.0,198588.0,160247.0,148497.0,11750.0,12931.0,7718.0,4519.0,3196.0,9715.0,262.0,185907.0,128377.0,123133.0,5244.0,26130.0,13285.0,6858.0,3252.0,7725.0,280.0,"Congressional District 5 (115th Congress), Indiana",05,18
335738.0,178104.0,141877.0,134713.0,7164.0,8490.0,8506.0,5746.0,2352.0,10786.0,347.0,157634.0,110834.0,108403.0,2431.0,19633.0,12145.0,7044.0,2115.0,5439.0,424.0,"Congressional District 6 (115th Congress), Indiana",06,18
346939.0,173727.0,141123.0,136703.0,4420.0,9968.0,6853.0,4229.0,2698.0,8648.0,208.0,173212.0,126558.0,124519.0,2039.0,20838.0,9394.0,7350.0,3677.0,5185.0,210.0,"Congressional District 7 (115th Congress), Indiana",07,18
335119.0,177945.0,142584.0,136269.0,6315.0,8958.0,7749.0,5230.0,4063.0,9192.0,169.0,157174.0,109337.0,106686.0,2651.0,20538.0,11042.0,7530.0,2630.0,5888.0,209.0,"Congressional District 8 (115th Congress), Indiana",08,18
356609.0,185793.0,144218.0,137348.0,6870.0,8931.0,8221.0,9259.0,4358.0,10640.0,166.0,170816.0,117807.0,114700.0,3107.0,20970.0,10795.0,10051.0,3560.0,7488.0,145.0,"Congressional District 9 (115th Congress), Indiana",09,18
343948.0,183585.0,143398.0,135990.0,7408.0,8777.0,10726.0,5662.0,3765.0,10993.0,264.0,160363.0,106396.0,103650.0,2746.0,18641.0,14359.0,10095.0,2596.0,7913.0,363.0,"Congressional District 4 (115th Congress), Kansas",04,20
399727.0,208667.0,163689.0,154531.0,9158.0,11130.0,9172.0,6400.0,2159.0,15719.0,398.0,191060.0,128622.0,125024.0,3598.0,26003.0,13107.0,11741.0,2245.0,8921.0,421.0,"Congressional District 1 (115th Congress), Iowa",01,19
387897.0,201771.0,150705.0,141785.0,8920.0,11336.0,9876.0,11079.0,3563.0,14657.0,555.0,186126.0,118968.0,115648.0,3320.0,22423.0,14393.0,17216.0,3510.0,9403.0,213.0,"Congressional District 2 (115th Congress), Iowa",02,19
426368.0,222371.0,175606.0,165814.0,9792.0,11211.0,10291.0,8047.0,4541.0,12351.0,324.0,203997.0,139960.0,135779.0,4181.0,24928.0,14741.0,11000.0,3348.0,9825.0,195.0,"Congressional District 3 (115th Congress), Iowa",03,19
385726.0,204946.0,150641.0,139607.0,11034.0,9261.0,10852.0,10387.0,2602.0,20799.0,404.0,180780.0,113832.0,110554.0,3278.0,23661.0,14743.0,15242.0,2262.0,10682.0,358.0,"Congressional District 4 (115th Congress), Iowa",04,19
342983.0,185071.0,130493.0,121497.0,8996.0,7812.0,11959.0,11376.0,4529.0,18248.0,654.0,157912.0,94561.0,91307.0,3254.0,18448.0,17261.0,14995.0,3804.0,8504.0,339.0,"Congressional District 1 (115th Congress), Kansas",01,20
341648.0,176737.0,125016.0,117473.0,7543.0,9307.0,12552.0,12009.0,5920.0,11653.0,280.0,164911.0,99617.0,96495.0,3122.0,20559.0,15825.0,15636.0,4970.0,7993.0,311.0,"Congressional District 2 (115th Congress), Kansas",02,20
391466.0,205853.0,167423.0,157777.0,9646.0,9110.0,9163.0,4155.0,4602.0,11199.0,201.0,185613.0,131059.0,126370.0,4689.0,21110.0,12202.0,8676.0,3287.0,8970.0,309.0,"Congressional District 3 (115th Congress), Kansas",03,20
352110.0,185304.0,149700.0,142229.0,7471.0,8767.0,7714.0,5046.0,3548.0,10280.0,249.0,166806.0,116723.0,113642.0,3081.0,19261.0,9785.0,10523.0,4444.0,5824.0,246.0,"Congressional District 4 (115th Congress), Kentucky",04,21
290911.0,154153.0,115088.0,109166.0,5922.0,6522.0,7323.0,7309.0,3904.0,13680.0,327.0,136758.0,89649.0,87189.0,2460.0,13273.0,10153.0,13570.0,2908.0,6841.0,364.0,"Congressional District 1 (115th Congress), Kentucky",01,21
335331.0,177878.0,138048.0,131127.0,6921.0,7480.0,7849.0,6814.0,5588.0,11758.0,341.0,157453.0,106791.0,103828.0,2963.0,16558.0,10401.0,12910.0,4218.0,6327.0,248.0,"Congressional District 2 (115th Congress), Kentucky",02,21
365684.0,186448.0,150194.0,142975.0,7219.0,10274.0,7242.0,5523.0,3708.0,9183.0,324.0,179236.0,128117.0,124401.0,3716.0,21222.0,10173.0,10235.0,2889.0,6303.0,297.0,"Congressional District 3 (115th Congress), Kentucky",03,21
231110.0,119775.0,86151.0,82242.0,3909.0,6132.0,7097.0,8120.0,2912.0,9198.0,165.0,111335.0,68894.0,67490.0,1404.0,12099.0,8621.0,14490.0,2757.0,4315.0,159.0,"Congressional District 5 (115th Congress), Kentucky",05,21
363004.0,189279.0,141626.0,133778.0,7848.0,9853.0,9010.0,12658.0,4130.0,11757.0,245.0,173725.0,111524.0,108078.0,3446.0,18419.0,11577.0,20583.0,3514.0,7774.0,334.0,"Congressional District 6 (115th Congress), Kentucky",06,21
297844.0,154303.0,115386.0,108564.0,6822.0,7118.0,9420.0,5688.0,7218.0,9193.0,280.0,143541.0,96183.0,93663.0,2520.0,12699.0,13049.0,11150.0,4688.0,5646.0,126.0,"Congressional District 4 (115th Congress), Louisiana",04,22
353346.0,178266.0,125905.0,114859.0,11046.0,13666.0,10358.0,5148.0,5553.0,17460.0,176.0,175080.0,107233.0,102388.0,4845.0,30745.0,15367.0,6434.0,2831.0,12316.0,154.0,"Congressional District 1 (115th Congress), Maine",01,23
305347.0,155268.0,105164.0,98216.0,6948.0,12683.0,8806.0,7012.0,3683.0,17722.0,198.0,150079.0,87176.0,84669.0,2507.0,28949.0,13159.0,8386.0,3050.0,9175.0,184.0,"Congressional District 2 (115th Congress), Maine",02,23
376514.0,200787.0,153877.0,141260.0,12617.0,9722.0,10493.0,5157.0,5250.0,15967.0,321.0,175727.0,122811.0,117233.0,5578.0,17467.0,12759.0,9020.0,3711.0,9608.0,351.0,"Congressional District 1 (115th Congress), Louisiana",01,22
343838.0,169545.0,129843.0,122701.0,7142.0,8938.0,9594.0,5851.0,4202.0,10922.0,195.0,174293.0,119852.0,116925.0,2927.0,17822.0,13731.0,11144.0,4361.0,7251.0,132.0,"Congressional District 2 (115th Congress), Louisiana",02,22
351592.0,186121.0,149609.0,140158.0,9451.0,5765.0,9697.0,5401.0,1719.0,13516.0,414.0,165471.0,117451.0,113094.0,4357.0,11529.0,14833.0,11143.0,1671.0,8640.0,204.0,"Congressional District 3 (115th Congress), Louisiana",03,22
283649.0,141818.0,105836.0,100394.0,5442.0,4647.0,10409.0,8126.0,3689.0,8913.0,198.0,141831.0,95426.0,93140.0,2286.0,10281.0,12672.0,14697.0,2806.0,5658.0,291.0,"Congressional District 5 (115th Congress), Louisiana",05,22
377801.0,198176.0,156521.0,146926.0,9595.0,7701.0,9882.0,11046.0,2229.0,10465.0,332.0,179625.0,119726.0,115560.0,4166.0,15918.0,15256.0,18367.0,2120.0,8051.0,187.0,"Congressional District 6 (115th Congress), Louisiana",06,22
393299.0,201102.0,149002.0,138625.0,10377.0,18761.0,9789.0,5999.0,3324.0,13982.0,245.0,192197.0,124239.0,120445.0,3794.0,32143.0,15985.0,6861.0,2422.0,10304.0,243.0,"Congressional District 4 (115th Congress), Massachusetts",04,25
350235.0,173849.0,125798.0,119768.0,6030.0,12893.0,11385.0,6505.0,4313.0,12697.0,258.0,176386.0,109868.0,107437.0,2431.0,30097.0,17930.0,8041.0,2241.0,7964.0,245.0,"Congressional District 1 (115th Congress), Massachusetts",01,25
377949.0,191579.0,138222.0,131101.0,7121.0,15052.0,10676.0,11244.0,2902.0,13222.0,261.0,186370.0,117465.0,114591.0,2874.0,28584.0,16734.0,12485.0,2147.0,8471.0,484.0,"Congressional District 2 (115th Congress), Massachusetts",02,25
387060.0,200721.0,159163.0,152130.0,7033.0,11482.0,9512.0,5298.0,3998.0,11070.0,198.0,186339.0,125876.0,123150.0,2726.0,23141.0,17372.0,6620.0,3010.0,10042.0,278.0,"Congressional District 3 (115th Congress), Massachusetts",03,25
415125.0,213795.0,156445.0,146612.0,9833.0,24258.0,8708.0,6046.0,3855.0,14270.0,213.0,201330.0,123839.0,119812.0,4027.0,40137.0,15567.0,6394.0,2070.0,13146.0,177.0,"Congressional District 5 (115th Congress), Massachusetts",05,25
401034.0,203416.0,152323.0,142780.0,9543.0,14623.0,10925.0,6027.0,4260.0,15030.0,228.0,197618.0,127592.0,124004.0,3588.0,30788.0,18361.0,7140.0,2934.0,10470.0,333.0,"Congressional District 6 (115th Congress), Massachusetts",06,25
424882.0,212847.0,155104.0,150281.0,4823.0,30224.0,9277.0,5558.0,2786.0,9665.0,233.0,212035.0,130812.0,128654.0,2158.0,49665.0,13290.0,7483.0,2711.0,7823.0,251.0,"Congressional District 7 (115th Congress), Massachusetts",07,25
413538.0,206908.0,153923.0,146314.0,7609.0,18562.0,11901.0,6821.0,4744.0,10773.0,184.0,206630.0,134200.0,131075.0,3125.0,36803.0,16889.0,7465.0,3109.0,7981.0,183.0,"Congressional District 8 (115th Congress), Massachusetts",08,25
362550.0,184192.0,133763.0,123986.0,9777.0,10097.0,12607.0,5972.0,3360.0,18273.0,120.0,178358.0,117557.0,113426.0,4131.0,24640.0,16566.0,6096.0,2154.0,11048.0,297.0,"Congressional District 9 (115th Congress), Massachusetts",09,25
394049.0,196939.0,137047.0,130777.0,6270.0,11521.0,11170.0,5644.0,22736.0,8655.0,166.0,197110.0,112617.0,109377.0,3240.0,22163.0,18148.0,7487.0,29086.0,7475.0,134.0,"Congressional District 4 (115th Congress), Maryland",04,24
361648.0,187356.0,133910.0,122967.0,10943.0,8902.0,12732.0,8056.0,10377.0,13116.0,263.0,174292.0,110907.0,106489.0,4418.0,19810.0,18438.0,10261.0,6771.0,7981.0,124.0,"Congressional District 1 (115th Congress), Maryland",01,24
375592.0,184198.0,129815.0,123983.0,5832.0,13073.0,10784.0,7253.0,14883.0,8129.0,261.0,191394.0,118389.0,115408.0,2981.0,25080.0,16215.0,9929.0,14651.0,6810.0,320.0,"Congressional District 2 (115th Congress), Maryland",02,24
398303.0,202190.0,138767.0,128957.0,9810.0,17269.0,10395.0,7000.0,18934.0,9724.0,101.0,196113.0,114003.0,109490.0,4513.0,29994.0,17692.0,9569.0,16219.0,8381.0,255.0,"Congressional District 3 (115th Congress), Maryland",03,24
389710.0,198391.0,125561.0,118077.0,7484.0,9819.0,13365.0,8185.0,32248.0,9012.0,201.0,191319.0,103521.0,100017.0,3504.0,18723.0,19772.0,9526.0,32645.0,6869.0,263.0,"Congressional District 5 (115th Congress), Maryland",05,24
382348.0,200460.0,140828.0,131756.0,9072.0,11979.0,11836.0,5935.0,19216.0,10393.0,273.0,181888.0,111822.0,108178.0,3644.0,21227.0,17288.0,6819.0,14908.0,9632.0,192.0,"Congressional District 6 (115th Congress), Maryland",06,24
335594.0,162547.0,109552.0,102052.0,7500.0,15598.0,9350.0,7769.0,11953.0,8152.0,173.0,173047.0,98122.0,94782.0,3340.0,26728.0,16990.0,12449.0,12118.0,6383.0,257.0,"Congressional District 7 (115th Congress), Maryland",07,24
403548.0,209141.0,137186.0,124625.0,12561.0,17100.0,10203.0,4738.0,26831.0,12848.0,235.0,194407.0,108162.0,102977.0,5185.0,27710.0,16223.0,5343.0,24524.0,12213.0,232.0,"Congressional District 8 (115th Congress), Maryland",08,24
300204.0,156875.0,120501.0,113441.0,7060.0,8224.0,7444.0,6962.0,1714.0,11598.0,432.0,143329.0,97103.0,94473.0,2630.0,17685.0,9401.0,9770.0,2007.0,6961.0,402.0,"Congressional District 4 (115th Congress), Michigan",04,26
298766.0,155886.0,114463.0,105580.0,8883.0,9833.0,8799.0,7135.0,2733.0,12516.0,407.0,142880.0,93111.0,89429.0,3682.0,19301.0,11647.0,7335.0,2856.0,8191.0,439.0,"Congressional District 1 (115th Congress), Michigan",01,26
347695.0,182136.0,148451.0,141248.0,7203.0,11106.0,7080.0,3756.0,1592.0,9883.0,268.0,165559.0,116174.0,113626.0,2548.0,24449.0,10366.0,6296.0,1374.0,6623.0,277.0,"Congressional District 2 (115th Congress), Michigan",02,26
350038.0,184549.0,146465.0,138423.0,8042.0,13281.0,6342.0,4458.0,2792.0,10969.0,242.0,165489.0,110708.0,107335.0,3373.0,28961.0,9533.0,6639.0,2076.0,7381.0,191.0,"Congressional District 3 (115th Congress), Michigan",03,26
279193.0,139017.0,111434.0,106376.0,5058.0,7540.0,6344.0,3478.0,1600.0,8333.0,288.0,140176.0,100154.0,97904.0,2250.0,16897.0,8674.0,6639.0,1891.0,5746.0,175.0,"Congressional District 5 (115th Congress), Michigan",05,26
336743.0,176567.0,140056.0,132442.0,7614.0,10883.0,6857.0,4511.0,1985.0,11996.0,279.0,160176.0,109810.0,107025.0,2785.0,23063.0,10318.0,7081.0,1852.0,7756.0,296.0,"Congressional District 6 (115th Congress), Michigan",06,26
320370.0,168782.0,132831.0,125895.0,6936.0,9363.0,7320.0,6787.0,1971.0,10316.0,194.0,151588.0,100854.0,98022.0,2832.0,21732.0,10791.0,9389.0,2099.0,6493.0,230.0,"Congressional District 7 (115th Congress), Michigan",07,26
359554.0,189470.0,146857.0,137337.0,9520.0,11542.0,7965.0,10308.0,2452.0,10045.0,301.0,170084.0,113022.0,109298.0,3724.0,21801.0,11341.0,14171.0,1706.0,7750.0,293.0,"Congressional District 8 (115th Congress), Michigan",08,26
350547.0,182645.0,151856.0,143497.0,8359.0,9573.0,5996.0,2805.0,3465.0,8729.0,221.0,167902.0,124145.0,120893.0,3252.0,20409.0,9465.0,4923.0,2729.0,5893.0,338.0,"Congressional District 9 (115th Congress), Michigan",09,26
335993.0,178864.0,146283.0,135775.0,10508.0,7080.0,7851.0,3054.0,3832.0,10516.0,248.0,157129.0,114807.0,111117.0,3690.0,16394.0,10689.0,6290.0,2648.0,5971.0,330.0,"Congressional District 10 (115th Congress), Michigan",10,26
369226.0,197889.0,165873.0,153567.0,12306.0,10396.0,6738.0,2888.0,2543.0,9204.0,247.0,171337.0,125055.0,120485.0,4570.0,20630.0,10806.0,5996.0,1866.0,6686.0,298.0,"Congressional District 11 (115th Congress), Michigan",11,26
335346.0,176951.0,136840.0,130158.0,6682.0,12453.0,7413.0,10244.0,2926.0,6766.0,309.0,158395.0,106454.0,103531.0,2923.0,22394.0,9217.0,12679.0,2543.0,4916.0,192.0,"Congressional District 12 (115th Congress), Michigan",12,26
256761.0,124736.0,102876.0,99324.0,3552.0,7442.0,4382.0,2139.0,1750.0,6046.0,101.0,132025.0,100482.0,99018.0,1464.0,13330.0,6484.0,4969.0,2652.0,3843.0,265.0,"Congressional District 13 (115th Congress), Michigan",13,26
284438.0,139379.0,110415.0,102561.0,7854.0,10643.0,5501.0,2929.0,2086.0,7633.0,172.0,145059.0,101392.0,97994.0,3398.0,21313.0,7992.0,5866.0,2919.0,5357.0,220.0,"Congressional District 14 (115th Congress), Michigan",14,26
364226.0,182881.0,138177.0,130269.0,7908.0,15867.0,9408.0,8098.0,3027.0,8193.0,111.0,181345.0,115783.0,112095.0,3688.0,30989.0,13160.0,11596.0,2478.0,7206.0,133.0,"Congressional District 4 (115th Congress), Minnesota",04,27
352876.0,183715.0,134560.0,125708.0,8852.0,18146.0,8555.0,5034.0,1867.0,15119.0,434.0,169161.0,100986.0,98044.0,2942.0,37444.0,13977.0,7238.0,1595.0,7674.0,247.0,"Congressional District 1 (115th Congress), Minnesota",01,27
381706.0,197225.0,159443.0,148980.0,10463.0,10643.0,8754.0,4694.0,3780.0,9716.0,195.0,184481.0,125914.0,121716.0,4198.0,25701.0,14069.0,8035.0,2710.0,7783.0,269.0,"Congressional District 2 (115th Congress), Minnesota",02,27
381937.0,198258.0,164286.0,151116.0,13170.0,11188.0,7198.0,3815.0,2170.0,9465.0,136.0,183679.0,131299.0,125445.0,5854.0,23108.0,12540.0,5953.0,1718.0,8894.0,167.0,"Congressional District 3 (115th Congress), Minnesota",03,27
391845.0,203004.0,156406.0,148061.0,8345.0,17123.0,9219.0,7829.0,2350.0,9872.0,205.0,188841.0,122292.0,118336.0,3956.0,33000.0,13840.0,9708.0,2162.0,7601.0,238.0,"Congressional District 5 (115th Congress), Minnesota",05,27
380055.0,198613.0,159853.0,148165.0,11688.0,11201.0,9191.0,5319.0,2589.0,10252.0,208.0,181442.0,125244.0,121181.0,4063.0,24354.0,14312.0,7129.0,2395.0,7703.0,305.0,"Congressional District 6 (115th Congress), Minnesota",06,27
334853.0,176846.0,130171.0,119192.0,10979.0,8757.0,10639.0,5247.0,2325.0,19143.0,564.0,158007.0,98456.0,94791.0,3665.0,22982.0,16729.0,8197.0,2517.0,8756.0,370.0,"Congressional District 7 (115th Congress), Minnesota",07,27
316605.0,164739.0,119983.0,110810.0,9173.0,11265.0,10481.0,7013.0,3087.0,12606.0,304.0,151866.0,95141.0,91421.0,3720.0,24507.0,15080.0,7785.0,2303.0,6788.0,262.0,"Congressional District 8 (115th Congress), Minnesota",08,27
313222.0,163746.0,123827.0,117866.0,5961.0,4947.0,8291.0,6560.0,8221.0,11676.0,224.0,149476.0,99665.0,96991.0,2674.0,10788.0,12315.0,14749.0,5651.0,6002.0,306.0,"Congressional District 4 (115th Congress), Mississippi",04,28
326487.0,169475.0,130902.0,124486.0,6416.0,6738.0,8093.0,7983.0,3942.0,11686.0,131.0,157012.0,110904.0,107778.0,3126.0,12343.0,9611.0,14758.0,2865.0,6362.0,169.0,"Congressional District 1 (115th Congress), Mississippi",01,28
265926.0,127711.0,91190.0,86252.0,4938.0,4713.0,8033.0,10073.0,4313.0,9215.0,174.0,138215.0,89680.0,87500.0,2180.0,9423.0,9790.0,20743.0,4269.0,4197.0,113.0,"Congressional District 2 (115th Congress), Mississippi",02,28
316193.0,164653.0,120093.0,111219.0,8874.0,7555.0,7326.0,12681.0,4066.0,12471.0,461.0,151540.0,96902.0,93541.0,3361.0,11815.0,8596.0,23435.0,4743.0,5696.0,353.0,"Congressional District 3 (115th Congress), Mississippi",03,28
353665.0,169392.0,125894.0,120886.0,5008.0,17709.0,9394.0,2925.0,4593.0,8539.0,338.0,184273.0,123610.0,120631.0,2979.0,33638.0,10759.0,5404.0,5110.0,5520.0,232.0,"Congressional District 1 (115th Congress), Missouri",01,29
372390.0,190423.0,147664.0,141414.0,6250.0,13125.0,8917.0,4230.0,5109.0,11102.0,276.0,181967.0,125300.0,122359.0,2941.0,24909.0,9980.0,7376.0,6419.0,7668.0,315.0,"Congressional District 5 (115th Congress), Missouri",05,29
394270.0,205993.0,165570.0,153450.0,12120.0,15659.0,7290.0,2749.0,3872.0,10576.0,277.0,188277.0,130309.0,125243.0,5066.0,31931.0,10978.0,4191.0,2828.0,7611.0,429.0,"Congressional District 2 (115th Congress), Missouri",02,29
380729.0,199168.0,158006.0,150674.0,7332.0,9724.0,9113.0,7261.0,2988.0,11745.0,331.0,181561.0,124560.0,121100.0,3460.0,23241.0,11192.0,13029.0,2527.0,6750.0,262.0,"Congressional District 3 (115th Congress), Missouri",03,29
337400.0,175604.0,124529.0,117673.0,6856.0,9737.0,9228.0,10364.0,6080.0,15363.0,303.0,161796.0,100961.0,98175.0,2786.0,20575.0,11312.0,14794.0,5122.0,8511.0,521.0,"Congressional District 4 (115th Congress), Missouri",04,29
369139.0,192713.0,143426.0,135161.0,8265.0,11062.0,10618.0,7798.0,4885.0,14539.0,385.0,176426.0,117161.0,113844.0,3317.0,22778.0,13547.0,10485.0,3878.0,8269.0,308.0,"Congressional District 6 (115th Congress), Missouri",06,29
355448.0,186917.0,141974.0,134289.0,7685.0,13211.0,9208.0,5589.0,2580.0,13984.0,371.0,168531.0,112448.0,108752.0,3696.0,26056.0,10196.0,8901.0,1925.0,8608.0,397.0,"Congressional District 7 (115th Congress), Missouri",07,29
304352.0,159391.0,116859.0,110452.0,6407.0,9245.0,7712.0,8990.0,2678.0,13603.0,304.0,144961.0,93381.0,90969.0,2412.0,18823.0,9295.0,13643.0,2523.0,6967.0,329.0,"Congressional District 8 (115th Congress), Missouri",08,29
497995.0,262908.0,179215.0,158620.0,20595.0,15580.0,14579.0,14631.0,10312.0,27707.0,884.0,235087.0,137718.0,128654.0,9064.0,32348.0,21605.0,17745.0,8399.0,16164.0,1108.0,"Congressional District (at Large) (115th Congress), Montana",00,30
334918.0,176691.0,130685.0,122294.0,8391.0,9674.0,9832.0,10094.0,5071.0,10975.0,360.0,158227.0,101176.0,97948.0,3228.0,20588.0,13317.0,12572.0,3382.0,6925.0,267.0,"Congressional District 1 (115th Congress), Nebraska",01,31
342094.0,178238.0,142348.0,133869.0,8479.0,12379.0,7763.0,4269.0,3820.0,7497.0,162.0,163856.0,113820.0,110432.0,3388.0,23036.0,11482.0,6197.0,2881.0,6261.0,179.0,"Congressional District 2 (115th Congress), Nebraska",02,31
310204.0,166132.0,119383.0,109373.0,10010.0,6750.0,10236.0,6414.0,1936.0,20935.0,478.0,144072.0,89639.0,86056.0,3583.0,18691.0,14659.0,9176.0,2833.0,8706.0,368.0,"Congressional District 3 (115th Congress), Nebraska",03,31
364775.0,190862.0,145761.0,137424.0,8337.0,11170.0,9582.0,5267.0,5337.0,13628.0,117.0,173913.0,113312.0,109714.0,3598.0,25117.0,17003.0,6464.0,3145.0,8703.0,169.0,"Congressional District 1 (115th Congress), New Hampshire",01,33
348649.0,180453.0,131718.0,124719.0,6999.0,13380.0,9539.0,6743.0,3632.0,15229.0,212.0,168196.0,102302.0,99313.0,2989.0,28728.0,17190.0,7329.0,3130.0,9185.0,332.0,"Congressional District 2 (115th Congress), New Hampshire",02,33
311259.0,163242.0,129253.0,123791.0,5462.0,4437.0,10408.0,4002.0,7096.0,7880.0,166.0,148017.0,110808.0,107913.0,2895.0,6297.0,14643.0,5272.0,4188.0,6680.0,129.0,"Congressional District 4 (115th Congress), Nevada",04,32
319503.0,177500.0,154994.0,150923.0,4071.0,3814.0,5173.0,1776.0,2208.0,9413.0,122.0,142003.0,118312.0,116342.0,1970.0,5266.0,7899.0,3057.0,1477.0,5920.0,72.0,"Congressional District 1 (115th Congress), Nevada",01,32
334112.0,181110.0,141934.0,134864.0,7070.0,5478.0,9314.0,8961.0,5542.0,9712.0,169.0,153002.0,105800.0,101962.0,3838.0,10199.0,15176.0,8790.0,3439.0,9303.0,295.0,"Congressional District 2 (115th Congress), Nevada",02,32
376484.0,197724.0,161834.0,152306.0,9528.0,5317.0,10948.0,3732.0,4773.0,10950.0,170.0,178760.0,139557.0,134684.0,4873.0,7950.0,13101.0,5990.0,2906.0,9004.0,252.0,"Congressional District 3 (115th Congress), Nevada",03,32
401467.0,218934.0,185190.0,178970.0,6220.0,7650.0,8757.0,4483.0,2746.0,9802.0,306.0,182533.0,139768.0,137188.0,2580.0,11965.0,13011.0,7176.0,1942.0,8416.0,255.0,"Congressional District 8 (115th Congress), New Jersey",08,34
378652.0,200327.0,158869.0,142650.0,16219.0,8835.0,11644.0,4716.0,3332.0,12601.0,330.0,178325.0,125197.0,119613.0,5584.0,17282.0,19204.0,6876.0,1933.0,7562.0,271.0,"Congressional District 5 (115th Congress), New Jersey",05,34
364976.0,197122.0,158449.0,148211.0,10238.0,7682.0,10753.0,7393.0,3439.0,9213.0,193.0,167854.0,124148.0,120564.0,3584.0,13940.0,12932.0,9101.0,1924.0,5552.0,257.0,"Congressional District 6 (115th Congress), New Jersey",06,34
384301.0,203806.0,164076.0,150399.0,13677.0,8365.0,10258.0,6141.0,2710.0,12058.0,198.0,180495.0,128034.0,122025.0,6009.0,16682.0,16489.0,9168.0,1792.0,8053.0,277.0,"Congressional District 7 (115th Congress), New Jersey",07,34
363549.0,194410.0,159058.0,147957.0,11101.0,6903.0,9667.0,4321.0,2905.0,11327.0,229.0,169139.0,128923.0,124773.0,4150.0,12428.0,13275.0,5473.0,2057.0,6598.0,385.0,"Congressional District 9 (115th Congress), New Jersey",09,34
345865.0,172942.0,132474.0,127630.0,4844.0,8872.0,10293.0,8095.0,4208.0,8784.0,216.0,172923.0,121187.0,119010.0,2177.0,15229.0,12948.0,13351.0,4036.0,5982.0,190.0,"Congressional District 10 (115th Congress), New Jersey",10,34
386129.0,203172.0,159049.0,144460.0,14589.0,8696.0,13014.0,6106.0,3528.0,12465.0,314.0,182957.0,130034.0,124969.0,5065.0,17485.0,18127.0,7994.0,1624.0,7480.0,213.0,"Congressional District 11 (115th Congress), New Jersey",11,34
372741.0,197644.0,156561.0,147917.0,8644.0,12163.0,8946.0,8356.0,2646.0,8727.0,245.0,175097.0,120968.0,117340.0,3628.0,18330.0,14965.0,13078.0,1897.0,5799.0,60.0,"Congressional District 12 (115th Congress), New Jersey",12,34
358118.0,182143.0,141307.0,133315.0,7992.0,9927.0,10322.0,6916.0,5314.0,8215.0,142.0,175975.0,123035.0,120536.0,2499.0,20314.0,14563.0,9300.0,3356.0,5037.0,370.0,"Congressional District 1 (115th Congress), New Jersey",01,34
330971.0,169477.0,125927.0,118170.0,7757.0,7883.0,13164.0,8046.0,3782.0,10330.0,345.0,161494.0,109004.0,106372.0,2632.0,14540.0,19049.0,10755.0,2236.0,5727.0,183.0,"Congressional District 2 (115th Congress), New Jersey",02,34
355525.0,181996.0,133646.0,124147.0,9499.0,9126.0,13139.0,9005.0,6887.0,9787.0,406.0,173529.0,115969.0,112713.0,3256.0,18446.0,18208.0,11066.0,3684.0,5898.0,258.0,"Congressional District 3 (115th Congress), New Jersey",03,34
345730.0,181518.0,137384.0,125056.0,12328.0,9268.0,12643.0,7215.0,4009.0,10887.0,112.0,164212.0,112100.0,107805.0,4295.0,16786.0,16042.0,9640.0,1929.0,7289.0,426.0,"Congressional District 4 (115th Congress), New Jersey",04,34
317225.0,165079.0,114126.0,106445.0,7681.0,10546.0,9968.0,8642.0,10724.0,10782.0,291.0,152146.0,92901.0,89040.0,3861.0,17868.0,11902.0,13928.0,7324.0,7982.0,241.0,"Congressional District 1 (115th Congress), New Mexico",01,35
275326.0,146870.0,101280.0,96028.0,5252.0,5144.0,11481.0,9130.0,8644.0,10995.0,196.0,128456.0,77122.0,74518.0,2604.0,9925.0,14062.0,14851.0,4831.0,7259.0,406.0,"Congressional District 2 (115th Congress), New Mexico",02,35
286650.0,147861.0,96477.0,90694.0,5783.0,8095.0,13139.0,8504.0,10390.0,10910.0,346.0,138789.0,77049.0,73598.0,3451.0,14655.0,14414.0,14953.0,7583.0,9903.0,232.0,"Congressional District 3 (115th Congress), New Mexico",03,35
363434.0,189744.0,138554.0,124600.0,13954.0,10549.0,19779.0,5694.0,3452.0,11432.0,284.0,173690.0,115733.0,110935.0,4798.0,17831.0,21200.0,8010.0,2377.0,8310.0,229.0,"Congressional District 4 (115th Congress), New York",04,36
353841.0,188114.0,135252.0,118915.0,16337.0,10228.0,16789.0,9795.0,5036.0,10903.0,111.0,165727.0,102376.0,97144.0,5232.0,18232.0,19506.0,14007.0,4151.0,7138.0,317.0,"Congressional District 1 (115th Congress), New York",01,36
369444.0,193628.0,146762.0,135929.0,10833.0,9124.0,18548.0,7257.0,3874.0,7963.0,100.0,175816.0,121942.0,118483.0,3459.0,16181.0,19443.0,10265.0,2356.0,5318.0,311.0,"Congressional District 2 (115th Congress), New York",02,36
352756.0,189786.0,142157.0,119312.0,22845.0,11595.0,14865.0,4851.0,3223.0,12761.0,334.0,162970.0,106376.0,99064.0,7312.0,18228.0,19749.0,7244.0,1988.0,8983.0,402.0,"Congressional District 3 (115th Congress), New York",03,36
369442.0,183469.0,129923.0,123201.0,6722.0,9802.0,22661.0,5273.0,3682.0,11998.0,130.0,185973.0,122624.0,120187.0,2437.0,19661.0,26899.0,6466.0,3276.0,6864.0,183.0,"Congressional District 5 (115th Congress), New York",05,36
359775.0,189176.0,144684.0,134280.0,10404.0,9889.0,14848.0,3769.0,4044.0,11635.0,307.0,170599.0,121562.0,117117.0,4445.0,17148.0,17794.0,3661.0,2651.0,7514.0,269.0,"Congressional District 6 (115th Congress), New York",06,36
354999.0,191778.0,151570.0,143256.0,8314.0,11829.0,10489.0,2357.0,2173.0,13062.0,298.0,163221.0,115569.0,111696.0,3873.0,18584.0,13330.0,2783.0,1688.0,10733.0,534.0,"Congressional District 7 (115th Congress), New York",07,36
346582.0,162303.0,114286.0,108181.0,6105.0,11088.0,18368.0,3956.0,3564.0,10831.0,210.0,184279.0,119021.0,115881.0,3140.0,20749.0,28614.0,5020.0,2841.0,7837.0,197.0,"Congressional District 8 (115th Congress), New York",08,36
349585.0,163947.0,116509.0,109152.0,7357.0,13348.0,15275.0,3835.0,2540.0,12182.0,258.0,185638.0,115991.0,112875.0,3116.0,23203.0,26159.0,5739.0,2668.0,11717.0,161.0,"Congressional District 9 (115th Congress), New York",09,36
387153.0,204490.0,154976.0,140545.0,14431.0,18700.0,8061.0,3362.0,2334.0,16773.0,284.0,182663.0,124021.0,116629.0,7392.0,27684.0,10014.0,3006.0,2052.0,15677.0,209.0,"Congressional District 10 (115th Congress), New York",10,36
329774.0,174312.0,120363.0,110149.0,10214.0,11647.0,22834.0,4969.0,3927.0,10412.0,160.0,155462.0,101962.0,98248.0,3714.0,17552.0,23445.0,4254.0,1730.0,6368.0,151.0,"Congressional District 11 (115th Congress), New York",11,36
450061.0,225948.0,176721.0,161397.0,15324.0,17074.0,6593.0,2845.0,3880.0,18343.0,492.0,224113.0,159868.0,151494.0,8374.0,29162.0,11790.0,3213.0,3721.0,16111.0,248.0,"Congressional District 12 (115th Congress), New York",12,36
360566.0,182577.0,133839.0,129985.0,3854.0,18144.0,12360.0,3236.0,2262.0,12476.0,260.0,177989.0,112439.0,109850.0,2589.0,27725.0,20171.0,4108.0,2188.0,11125.0,233.0,"Congressional District 13 (115th Congress), New York",13,36
352294.0,199538.0,151304.0,143352.0,7952.0,12234.0,13524.0,3250.0,3158.0,15925.0,143.0,152756.0,104154.0,100480.0,3674.0,16830.0,15613.0,3010.0,2546.0,10434.0,169.0,"Congressional District 14 (115th Congress), New York",14,36
283716.0,140105.0,109523.0,107283.0,2240.0,8450.0,9693.0,2078.0,1693.0,8455.0,213.0,143611.0,99727.0,98372.0,1355.0,14396.0,15892.0,3449.0,1729.0,8253.0,165.0,"Congressional District 15 (115th Congress), New York",15,36
350530.0,173767.0,124850.0,115556.0,9294.0,14991.0,15951.0,4546.0,3196.0,9974.0,259.0,176763.0,109585.0,105700.0,3885.0,26600.0,22063.0,6192.0,2807.0,9234.0,282.0,"Congressional District 16 (115th Congress), New York",16,36
362587.0,191496.0,138938.0,125903.0,13035.0,16153.0,16099.0,6303.0,2396.0,11441.0,166.0,171091.0,106141.0,101323.0,4818.0,25730.0,19172.0,7241.0,1629.0,11068.0,110.0,"Congressional District 17 (115th Congress), New York",17,36
345660.0,181483.0,129474.0,119407.0,10067.0,11876.0,17813.0,8245.0,3929.0,9896.0,250.0,164177.0,103212.0,98296.0,4916.0,21958.0,19721.0,7963.0,3535.0,7277.0,511.0,"Congressional District 18 (115th Congress), New York",18,36
331855.0,171575.0,112336.0,102577.0,9759.0,13213.0,14525.0,12856.0,2312.0,15708.0,625.0,160280.0,90489.0,86557.0,3932.0,25619.0,19074.0,12915.0,1964.0,9741.0,478.0,"Congressional District 19 (115th Congress), New York",19,36
364614.0,185998.0,124495.0,117979.0,6516.0,16553.0,11835.0,19244.0,4589.0,9133.0,149.0,178616.0,98574.0,96211.0,2363.0,30111.0,16330.0,24456.0,2516.0,6514.0,115.0,"Congressional District 20 (115th Congress), New York",20,36
312147.0,161766.0,105015.0,98953.0,6062.0,11024.0,12330.0,13707.0,5923.0,13505.0,262.0,150381.0,84464.0,81855.0,2609.0,23894.0,17415.0,12989.0,3249.0,8012.0,358.0,"Congressional District 21 (115th Congress), New York",21,36
319352.0,164790.0,113873.0,108334.0,5539.0,12275.0,12325.0,11804.0,2831.0,11418.0,264.0,154562.0,89382.0,87106.0,2276.0,24667.0,16788.0,14394.0,2139.0,6861.0,331.0,"Congressional District 22 (115th Congress), New York",22,36
316062.0,162297.0,110676.0,105038.0,5638.0,15382.0,11231.0,8716.0,1831.0,13936.0,525.0,153765.0,86235.0,84244.0,1991.0,29943.0,15882.0,11369.0,1877.0,8132.0,327.0,"Congressional District 23 (115th Congress), New York",23,36
336424.0,172521.0,125415.0,119179.0,6236.0,13069.0,11379.0,9349.0,2816.0,10308.0,185.0,163903.0,100034.0,97384.0,2650.0,24829.0,16251.0,13868.0,2531.0,6226.0,164.0,"Congressional District 24 (115th Congress), New York",24,36
353293.0,177106.0,132195.0,125367.0,6828.0,17770.0,11234.0,5010.0,1988.0,8728.0,181.0,176187.0,110754.0,108228.0,2526.0,33058.0,16031.0,7451.0,1319.0,7445.0,129.0,"Congressional District 25 (115th Congress), New York",25,36
337469.0,167092.0,122068.0,116971.0,5097.0,12884.0,11539.0,9190.0,3968.0,7328.0,115.0,170377.0,111841.0,110214.0,1627.0,25398.0,14662.0,10461.0,2809.0,5054.0,152.0,"Congressional District 26 (115th Congress), New York",26,36
354216.0,184366.0,137647.0,128935.0,8712.0,10066.0,11570.0,10053.0,3807.0,10903.0,320.0,169850.0,109733.0,106451.0,3282.0,21900.0,16541.0,11772.0,2985.0,6662.0,257.0,"Congressional District 27 (115th Congress), New York",27,36
442297.0,228116.0,173980.0,163809.0,10171.0,12846.0,7668.0,17455.0,4609.0,11305.0,253.0,214181.0,139641.0,134060.0,5581.0,22674.0,10396.0,27655.0,3481.0,10124.0,210.0,"Congressional District 4 (115th Congress), North Carolina",04,37
328585.0,159403.0,116775.0,110868.0,5907.0,11177.0,7370.0,10618.0,3478.0,9765.0,220.0,169182.0,110748.0,107917.0,2831.0,18074.0,10597.0,20091.0,3321.0,6132.0,219.0,"Congressional District 1 (115th Congress), North Carolina",01,37
374693.0,194721.0,149606.0,139524.0,10082.0,8075.0,9718.0,10668.0,5314.0,11198.0,142.0,179972.0,120335.0,116116.0,4219.0,14670.0,12355.0,20045.0,4166.0,8072.0,329.0,"Congressional District 2 (115th Congress), North Carolina",02,37
304206.0,155447.0,105399.0,97495.0,7904.0,5750.0,8948.0,8685.0,13879.0,12429.0,357.0,148759.0,96472.0,92781.0,3691.0,10881.0,12211.0,14482.0,6831.0,7682.0,200.0,"Congressional District 3 (115th Congress), North Carolina",03,37
331643.0,172226.0,131738.0,123788.0,7950.0,9929.0,8156.0,7181.0,2002.0,12914.0,306.0,159417.0,108145.0,104534.0,3611.0,18530.0,11110.0,11927.0,1707.0,7678.0,320.0,"Congressional District 5 (115th Congress), North Carolina",05,37
344877.0,178767.0,137899.0,130542.0,7357.0,7430.0,8732.0,8189.0,2730.0,13477.0,310.0,166110.0,116440.0,113452.0,2988.0,13460.0,10771.0,15379.0,1977.0,7776.0,307.0,"Congressional District 6 (115th Congress), North Carolina",06,37
336771.0,174361.0,134021.0,124260.0,9761.0,6594.0,7773.0,7648.0,3636.0,14344.0,345.0,162410.0,112426.0,108061.0,4365.0,10391.0,11805.0,16262.0,2396.0,8851.0,279.0,"Congressional District 7 (115th Congress), North Carolina",07,37
321949.0,163669.0,119105.0,111590.0,7515.0,7187.0,8383.0,7603.0,10127.0,10893.0,371.0,158280.0,103636.0,99993.0,3643.0,14426.0,11424.0,13994.0,7467.0,7144.0,189.0,"Congressional District 8 (115th Congress), North Carolina",08,37
337741.0,177091.0,139818.0,129625.0,10193.0,8205.0,8248.0,6097.0,2922.0,11485.0,316.0,160650.0,112706.0,107639.0,5067.0,14474.0,11097.0,12183.0,2110.0,7764.0,316.0,"Congressional District 9 (115th Congress), North Carolina",09,37
339192.0,176478.0,139549.0,131316.0,8233.0,8049.0,8697.0,5229.0,2196.0,12490.0,268.0,162714.0,115722.0,112494.0,3228.0,15220.0,10492.0,11110.0,1780.0,8007.0,383.0,"Congressional District 10 (115th Congress), North Carolina",10,37
319483.0,167368.0,123233.0,114317.0,8916.0,7792.0,9105.0,8792.0,2371.0,15838.0,237.0,152115.0,99609.0,95339.0,4270.0,16328.0,10493.0,14117.0,2469.0,8884.0,215.0,"Congressional District 11 (115th Congress), North Carolina",11,37
435051.0,223627.0,187479.0,178215.0,9264.0,10662.0,6784.0,5324.0,2317.0,10855.0,206.0,211424.0,159027.0,154529.0,4498.0,20063.0,10327.0,11674.0,2037.0,8093.0,203.0,"Congressional District 12 (115th Congress), North Carolina",12,37
297950.0,157431.0,123955.0,119124.0,4831.0,7811.0,8532.0,4660.0,2208.0,9983.0,282.0,140519.0,94903.0,92992.0,1911.0,17801.0,13322.0,6384.0,1915.0,5979.0,215.0,"Congressional District 6 (115th Congress), Ohio",06,39
354532.0,184119.0,148560.0,139963.0,8597.0,7864.0,7172.0,6049.0,2595.0,11637.0,242.0,170413.0,122515.0,119003.0,3512.0,16422.0,9860.0,11523.0,2428.0,7419.0,246.0,"Congressional District 13 (115th Congress), North Carolina",13,37
400454.0,217452.0,155326.0,145069.0,10257.0,12990.0,11358.0,9772.0,6505.0,20767.0,734.0,183002.0,108730.0,105244.0,3486.0,28927.0,17121.0,13003.0,5002.0,9788.0,431.0,"Congressional District (at Large) (115th Congress), North Dakota",00,38
346335.0,178375.0,141026.0,134503.0,6523.0,11913.0,8936.0,3584.0,3390.0,9361.0,165.0,167960.0,117731.0,114888.0,2843.0,22980.0,11938.0,4880.0,3390.0,6784.0,257.0,"Congressional District 1 (115th Congress), Ohio",01,39
345595.0,180365.0,140999.0,134166.0,6833.0,11039.0,9260.0,4656.0,2844.0,11382.0,185.0,165230.0,114383.0,111925.0,2458.0,21916.0,12166.0,5776.0,3416.0,7298.0,275.0,"Congressional District 2 (115th Congress), Ohio",02,39
378489.0,191461.0,150005.0,145207.0,4798.0,11049.0,7812.0,9322.0,3740.0,9377.0,156.0,187028.0,132785.0,130837.0,1948.0,20151.0,11725.0,12573.0,3910.0,5763.0,121.0,"Congressional District 3 (115th Congress), Ohio",03,39
330985.0,174485.0,140864.0,135487.0,5377.0,8148.0,9554.0,4035.0,1750.0,9963.0,171.0,156500.0,110939.0,108544.0,2395.0,19384.0,13888.0,5384.0,1171.0,5459.0,275.0,"Congressional District 4 (115th Congress), Ohio",04,39
360353.0,188319.0,149834.0,143248.0,6586.0,9555.0,9722.0,6119.0,1858.0,10912.0,319.0,172034.0,116697.0,114337.0,2360.0,23677.0,14550.0,8328.0,1863.0,6583.0,336.0,"Congressional District 5 (115th Congress), Ohio",05,39
341034.0,180692.0,143347.0,136029.0,7318.0,8218.0,9643.0,3170.0,2512.0,13426.0,376.0,160342.0,113265.0,110452.0,2813.0,19872.0,13882.0,4303.0,1660.0,6916.0,444.0,"Congressional District 7 (115th Congress), Ohio",07,39
344316.0,181227.0,146026.0,140095.0,5931.0,8212.0,8720.0,3918.0,3230.0,10874.0,247.0,163089.0,116707.0,114395.0,2312.0,18837.0,12960.0,5905.0,2288.0,5980.0,412.0,"Congressional District 8 (115th Congress), Ohio",08,39
325892.0,164553.0,130148.0,125034.0,5114.0,9370.0,10257.0,3233.0,2694.0,8647.0,204.0,161339.0,112664.0,110540.0,2124.0,21842.0,14342.0,4347.0,2579.0,5431.0,134.0,"Congressional District 9 (115th Congress), Ohio",09,39
328845.0,168361.0,123757.0,118046.0,5711.0,11494.0,9712.0,3558.0,10996.0,8562.0,282.0,160484.0,106027.0,103683.0,2344.0,22528.0,13812.0,4617.0,6752.0,6548.0,200.0,"Congressional District 10 (115th Congress), Ohio",10,39
295060.0,139355.0,103676.0,98173.0,5503.0,14013.0,9069.0,2989.0,3037.0,6440.0,131.0,155705.0,100943.0,98356.0,2587.0,27250.0,13938.0,3845.0,4450.0,5111.0,168.0,"Congressional District 11 (115th Congress), Ohio",11,39
383976.0,200046.0,152387.0,143441.0,8946.0,12056.0,11103.0,9120.0,2935.0,12324.0,121.0,183930.0,122511.0,119084.0,3427.0,23257.0,15407.0,11866.0,2095.0,8603.0,191.0,"Congressional District 12 (115th Congress), Ohio",12,39
329418.0,169003.0,134271.0,128605.0,5666.0,8531.0,10215.0,4725.0,2430.0,8674.0,157.0,160415.0,115051.0,112964.0,2087.0,19371.0,12610.0,5543.0,1760.0,5848.0,232.0,"Congressional District 13 (115th Congress), Ohio",13,39
354518.0,185316.0,146450.0,135831.0,10619.0,10261.0,11999.0,2638.0,2396.0,11429.0,143.0,169202.0,117528.0,113117.0,4411.0,23856.0,15390.0,3464.0,1599.0,7078.0,287.0,"Congressional District 14 (115th Congress), Ohio",14,39
358666.0,188077.0,139223.0,132334.0,6889.0,10295.0,12290.0,11925.0,3507.0,10523.0,314.0,170589.0,110867.0,108238.0,2629.0,21256.0,15571.0,13250.0,2449.0,6919.0,277.0,"Congressional District 15 (115th Congress), Ohio",15,39
366748.0,193899.0,152972.0,142724.0,10248.0,10789.0,11131.0,3416.0,3151.0,12163.0,277.0,172849.0,120683.0,117201.0,3482.0,23829.0,15607.0,4201.0,2289.0,5869.0,371.0,"Congressional District 16 (115th Congress), Ohio",16,39
380493.0,202282.0,164441.0,154796.0,9645.0,10330.0,7431.0,4848.0,3235.0,11679.0,318.0,178211.0,125835.0,121724.0,4111.0,20013.0,10230.0,10386.0,2609.0,8786.0,352.0,"Congressional District 1 (115th Congress), Oklahoma",01,40
293687.0,155605.0,111741.0,105485.0,6256.0,5949.0,9861.0,8876.0,5661.0,13022.0,495.0,138082.0,86217.0,83314.0,2903.0,10441.0,11145.0,16709.0,6492.0,6720.0,358.0,"Congressional District 2 (115th Congress), Oklahoma",02,40
344397.0,190427.0,137271.0,128539.0,8732.0,8079.0,10976.0,10869.0,7391.0,15176.0,665.0,153970.0,97908.0,94499.0,3409.0,13528.0,11520.0,17419.0,4854.0,8430.0,311.0,"Congressional District 3 (115th Congress), Oklahoma",03,40
354683.0,188188.0,132212.0,123546.0,8666.0,7327.0,9868.0,11441.0,14311.0,12686.0,343.0,166495.0,105127.0,101253.0,3874.0,13360.0,11533.0,19612.0,8677.0,7894.0,292.0,"Congressional District 4 (115th Congress), Oklahoma",04,40
373159.0,198389.0,147986.0,137651.0,10335.0,10362.0,7261.0,8333.0,10284.0,13906.0,257.0,174770.0,117374.0,112613.0,4761.0,17793.0,9655.0,14404.0,5824.0,9424.0,296.0,"Congressional District 5 (115th Congress), Oklahoma",05,40
337982.0,175254.0,123755.0,115208.0,8547.0,12555.0,9816.0,10979.0,3595.0,14281.0,273.0,162728.0,94254.0,89934.0,4320.0,22377.0,15417.0,14807.0,3197.0,12266.0,410.0,"Congressional District 4 (115th Congress), Oregon",04,41
408259.0,220391.0,177028.0,166772.0,10256.0,12255.0,10153.0,4784.0,3205.0,12710.0,256.0,187868.0,127577.0,122003.0,5574.0,23472.0,12586.0,8791.0,2515.0,12626.0,301.0,"Congressional District 1 (115th Congress), Oregon",01,41
341388.0,179433.0,128468.0,118381.0,10087.0,9424.0,10785.0,6712.0,5046.0,18483.0,515.0,161955.0,102488.0,97023.0,5465.0,17279.0,14673.0,9308.0,3410.0,14489.0,308.0,"Congressional District 2 (115th Congress), Oregon",02,41
427162.0,222523.0,166547.0,154751.0,11796.0,18051.0,11205.0,5890.0,4276.0,16211.0,343.0,204639.0,128132.0,121526.0,6606.0,31435.0,16189.0,10342.0,3861.0,14260.0,420.0,"Congressional District 3 (115th Congress), Oregon",03,41
315267.0,166546.0,120469.0,115021.0,5448.0,13317.0,6517.0,11082.0,1983.0,12866.0,312.0,148721.0,95822.0,93803.0,2019.0,26163.0,9009.0,9421.0,2287.0,5667.0,352.0,"Congressional District 5 (115th Congress), Pennsylvania",05,42
371192.0,194591.0,146585.0,135766.0,10819.0,10910.0,10654.0,9948.0,3180.0,13048.0,266.0,176601.0,111494.0,106136.0,5358.0,20632.0,14060.0,15743.0,2267.0,12118.0,287.0,"Congressional District 5 (115th Congress), Oregon",05,41
258769.0,131759.0,99323.0,93852.0,5471.0,11891.0,5619.0,3552.0,4132.0,7121.0,121.0,127010.0,86923.0,84675.0,2248.0,20057.0,7986.0,4283.0,2320.0,5339.0,102.0,"Congressional District 1 (115th Congress), Rhode Island",01,44
267302.0,136799.0,101169.0,95032.0,6137.0,9504.0,8091.0,5629.0,3718.0,8535.0,153.0,130503.0,88585.0,85910.0,2675.0,17360.0,10138.0,6901.0,1983.0,5460.0,76.0,"Congressional District 2 (115th Congress), Rhode Island",02,44
316313.0,156415.0,117477.0,112887.0,4590.0,15317.0,8432.0,3143.0,4060.0,7863.0,123.0,159898.0,108348.0,106441.0,1907.0,27142.0,10220.0,4099.0,4359.0,5632.0,98.0,"Congressional District 1 (115th Congress), Pennsylvania",01,42
298543.0,137783.0,96075.0,90376.0,5699.0,18669.0,8913.0,3417.0,3454.0,7108.0,147.0,160760.0,99577.0,96904.0,2673.0,34135.0,11218.0,5165.0,4309.0,6183.0,173.0,"Congressional District 2 (115th Congress), Pennsylvania",02,42
318120.0,167380.0,129197.0,122811.0,6386.0,11349.0,6564.0,5605.0,2865.0,11572.0,228.0,150740.0,101942.0,99647.0,2295.0,24758.0,8705.0,6440.0,2744.0,5961.0,190.0,"Congressional District 3 (115th Congress), Pennsylvania",03,42
357841.0,185728.0,142392.0,135587.0,6805.0,11587.0,7946.0,6867.0,6085.0,10621.0,230.0,172113.0,117456.0,115631.0,1825.0,24876.0,10336.0,9081.0,3486.0,6511.0,367.0,"Congressional District 4 (115th Congress), Pennsylvania",04,42
378018.0,198288.0,161084.0,150589.0,10495.0,12158.0,6360.0,3911.0,2651.0,11877.0,247.0,179730.0,130605.0,127796.0,2809.0,23570.0,11335.0,5084.0,1712.0,7206.0,218.0,"Congressional District 6 (115th Congress), Pennsylvania",06,42
360591.0,187946.0,146452.0,134155.0,12297.0,13525.0,7868.0,2868.0,3968.0,13020.0,245.0,172645.0,120393.0,116222.0,4171.0,28164.0,9544.0,4020.0,2660.0,7513.0,351.0,"Congressional District 7 (115th Congress), Pennsylvania",07,42
371118.0,195428.0,157342.0,145524.0,11818.0,10903.0,7339.0,3532.0,3438.0,12654.0,220.0,175690.0,128489.0,124818.0,3671.0,22655.0,11121.0,4694.0,1765.0,6562.0,404.0,"Congressional District 8 (115th Congress), Pennsylvania",08,42
308277.0,163397.0,123329.0,117941.0,5388.0,8881.0,6980.0,8149.0,4105.0,11551.0,402.0,144880.0,98758.0,96945.0,1813.0,21216.0,8965.0,7650.0,2469.0,5509.0,313.0,"Congressional District 9 (115th Congress), Pennsylvania",09,42
316825.0,169596.0,124679.0,117682.0,6997.0,10633.0,7374.0,7276.0,3867.0,15402.0,365.0,147229.0,98896.0,96665.0,2231.0,22008.0,9678.0,7173.0,2247.0,6788.0,439.0,"Congressional District 10 (115th Congress), Pennsylvania",10,42
338196.0,176594.0,131398.0,125518.0,5880.0,11615.0,7101.0,9722.0,5472.0,10898.0,388.0,161602.0,108818.0,106665.0,2153.0,22881.0,9263.0,11140.0,3499.0,5678.0,323.0,"Congressional District 11 (115th Congress), Pennsylvania",11,42
336298.0,176441.0,136250.0,128531.0,7719.0,13914.0,7580.0,4584.0,3346.0,10602.0,165.0,159857.0,108733.0,106167.0,2566.0,29551.0,8788.0,4643.0,2283.0,5653.0,206.0,"Congressional District 12 (115th Congress), Pennsylvania",12,42
352608.0,179086.0,135259.0,126873.0,8386.0,14279.0,12446.0,2721.0,4242.0,9998.0,141.0,173522.0,122295.0,119188.0,3107.0,27016.0,10257.0,3015.0,4102.0,6644.0,193.0,"Congressional District 13 (115th Congress), Pennsylvania",13,42
349209.0,174301.0,127249.0,122373.0,4876.0,21746.0,8733.0,2868.0,4029.0,9529.0,147.0,174908.0,113893.0,111902.0,1991.0,39241.0,9306.0,3794.0,3005.0,5540.0,129.0,"Congressional District 14 (115th Congress), Pennsylvania",14,42
354956.0,185169.0,145673.0,138584.0,7089.0,14079.0,7173.0,4702.0,2741.0,10663.0,138.0,169787.0,117175.0,114707.0,2468.0,28230.0,10446.0,5338.0,2209.0,6198.0,191.0,"Congressional District 15 (115th Congress), Pennsylvania",15,42
352312.0,187120.0,148293.0,141497.0,6796.0,12449.0,6798.0,3576.0,2663.0,13107.0,234.0,165192.0,115309.0,113047.0,2262.0,25633.0,10056.0,5207.0,1795.0,6867.0,325.0,"Congressional District 16 (115th Congress), Pennsylvania",16,42
321641.0,167974.0,129960.0,123939.0,6021.0,9115.0,8219.0,6193.0,4612.0,9668.0,207.0,153667.0,110670.0,108251.0,2419.0,19838.0,9945.0,5419.0,2839.0,4758.0,198.0,"Congressional District 17 (115th Congress), Pennsylvania",17,42
350844.0,185703.0,147687.0,139666.0,8021.0,12403.0,7325.0,3956.0,3186.0,10991.0,155.0,165141.0,116863.0,113918.0,2945.0,26667.0,9035.0,4576.0,1946.0,5863.0,191.0,"Congressional District 18 (115th Congress), Pennsylvania",18,42
332485.0,173617.0,142649.0,134805.0,7844.0,9053.0,6691.0,4115.0,1800.0,9082.0,227.0,158868.0,113618.0,110211.0,3407.0,15899.0,10532.0,10802.0,1655.0,6104.0,258.0,"Congressional District 4 (115th Congress), South Carolina",04,45
360824.0,184863.0,139793.0,128656.0,11137.0,7657.0,9288.0,7791.0,9131.0,10852.0,351.0,175961.0,119034.0,113779.0,5255.0,13783.0,12660.0,13936.0,6394.0,9848.0,306.0,"Congressional District 1 (115th Congress), South Carolina",01,45
327423.0,169236.0,125414.0,117625.0,7789.0,7064.0,7458.0,11683.0,6878.0,10382.0,357.0,158187.0,102795.0,99866.0,2929.0,12399.0,10970.0,20490.0,4868.0,6485.0,180.0,"Congressional District 2 (115th Congress), South Carolina",02,45
289746.0,152894.0,119656.0,113667.0,5989.0,6514.0,6683.0,8318.0,1356.0,10156.0,211.0,136852.0,93457.0,91178.0,2279.0,12902.0,8116.0,14504.0,1676.0,5950.0,247.0,"Congressional District 3 (115th Congress), South Carolina",03,45
302326.0,156891.0,126027.0,119845.0,6182.0,5619.0,7226.0,5607.0,3927.0,8284.0,201.0,145435.0,103387.0,100863.0,2524.0,11666.0,8819.0,13167.0,2577.0,5580.0,239.0,"Congressional District 5 (115th Congress), South Carolina",05,45
273388.0,133197.0,98999.0,94761.0,4238.0,5260.0,6871.0,8850.0,3828.0,9213.0,176.0,140191.0,93458.0,91594.0,1864.0,9465.0,10621.0,17714.0,3911.0,4913.0,109.0,"Congressional District 6 (115th Congress), South Carolina",06,45
294854.0,148763.0,116191.0,108507.0,7684.0,5140.0,7697.0,7075.0,1665.0,10649.0,346.0,146091.0,105293.0,102320.0,2973.0,10441.0,9543.0,12941.0,1297.0,6403.0,173.0,"Congressional District 7 (115th Congress), South Carolina",07,45
304017.0,158337.0,118092.0,114020.0,4072.0,7660.0,10147.0,5537.0,2953.0,13590.0,358.0,145680.0,99659.0,97858.0,1801.0,14398.0,12911.0,8353.0,2496.0,7547.0,316.0,"Congressional District 1 (115th Congress), Tennessee",01,47
438339.0,232414.0,163221.0,149870.0,13351.0,14114.0,13003.0,8726.0,7796.0,24852.0,702.0,205925.0,125382.0,120478.0,4904.0,33539.0,17694.0,11477.0,6527.0,10678.0,628.0,"Congressional District (at Large) (115th Congress), South Dakota",00,46
335479.0,177972.0,132155.0,126621.0,5534.0,6804.0,10972.0,5538.0,3778.0,18246.0,479.0,157507.0,110418.0,108218.0,2200.0,12736.0,15125.0,7496.0,2390.0,8992.0,350.0,"Congressional District 6 (115th Congress), Tennessee",06,47
317507.0,170116.0,123642.0,117556.0,6086.0,8008.0,11058.0,5375.0,6465.0,15457.0,111.0,147391.0,97072.0,94654.0,2418.0,12522.0,15263.0,8066.0,4903.0,9207.0,358.0,"Congressional District 7 (115th Congress), Tennessee",07,47
315222.0,164251.0,122010.0,115641.0,6369.0,8437.0,11555.0,5017.0,4033.0,12819.0,380.0,150971.0,103997.0,101462.0,2535.0,14658.0,12922.0,8638.0,3090.0,7403.0,263.0,"Congressional District 8 (115th Congress), Tennessee",08,47
314957.0,154164.0,118856.0,115400.0,3456.0,8642.0,10026.0,2690.0,4274.0,9582.0,94.0,160793.0,113738.0,112016.0,1722.0,15499.0,15090.0,5673.0,4893.0,5824.0,76.0,"Congressional District 9 (115th Congress), Tennessee",09,47
343231.0,181393.0,135076.0,128667.0,6409.0,9407.0,9445.0,7236.0,4868.0,15083.0,278.0,161838.0,110786.0,108494.0,2292.0,16863.0,13334.0,8816.0,3610.0,8202.0,227.0,"Congressional District 2 (115th Congress), Tennessee",02,47
313584.0,164660.0,122285.0,117061.0,5224.0,8099.0,8729.0,5015.0,6812.0,13431.0,289.0,148924.0,101876.0,99795.0,2081.0,16346.0,13900.0,6295.0,3568.0,6643.0,296.0,"Congressional District 3 (115th Congress), Tennessee",03,47
351998.0,188122.0,144301.0,139710.0,4591.0,7397.0,10749.0,5680.0,4385.0,15239.0,371.0,163876.0,115970.0,113917.0,2053.0,13140.0,14649.0,8073.0,3704.0,8059.0,281.0,"Congressional District 4 (115th Congress), Tennessee",04,47
400615.0,206000.0,154363.0,147539.0,6824.0,16316.0,8189.0,5921.0,3229.0,17756.0,226.0,194615.0,132390.0,129339.0,3051.0,25718.0,12603.0,9834.0,3480.0,10394.0,196.0,"Congressional District 5 (115th Congress), Tennessee",05,47
316097.0,170342.0,129782.0,123303.0,6479.0,6061.0,9839.0,5664.0,4516.0,14207.0,273.0,145755.0,101452.0,98764.0,2688.0,10483.0,11815.0,11592.0,2230.0,7831.0,352.0,"Congressional District 4 (115th Congress), Texas",04,48
301265.0,159564.0,124377.0,118416.0,5961.0,7407.0,6636.0,6572.0,1815.0,12442.0,315.0,141701.0,95200.0,92542.0,2658.0,14776.0,9000.0,14071.0,1715.0,6629.0,310.0,"Congressional District 1 (115th Congress), Texas",01,48
401722.0,225032.0,186397.0,177017.0,9380.0,8705.0,7641.0,4266.0,2857.0,14751.0,415.0,176690.0,127055.0,123047.0,4008.0,14559.0,12535.0,9124.0,2164.0,10728.0,525.0,"Congressional District 2 (115th Congress), Texas",02,48
425946.0,231277.0,194183.0,182542.0,11641.0,7166.0,8467.0,4293.0,3231.0,13730.0,207.0,194669.0,145843.0,140023.0,5820.0,13620.0,14629.0,6749.0,2236.0,11237.0,355.0,"Congressional District 3 (115th Congress), Texas",03,48
326201.0,177719.0,137680.0,132060.0,5620.0,7188.0,8962.0,5934.0,2032.0,15770.0,153.0,148482.0,103359.0,101078.0,2281.0,11788.0,13158.0,9156.0,2136.0,8561.0,324.0,"Congressional District 5 (115th Congress), Texas",05,48
377891.0,197412.0,155804.0,149208.0,6596.0,7435.0,10189.0,5373.0,4568.0,13797.0,246.0,180479.0,126880.0,123635.0,3245.0,14417.0,17601.0,9059.0,4300.0,7975.0,247.0,"Congressional District 6 (115th Congress), Texas",06,48
393987.0,218517.0,182072.0,170955.0,11117.0,8389.0,5978.0,4601.0,2134.0,15025.0,318.0,175470.0,127262.0,122392.0,4870.0,15390.0,10401.0,8572.0,1383.0,12253.0,209.0,"Congressional District 7 (115th Congress), Texas",07,48
357037.0,200596.0,158392.0,149312.0,9080.0,6618.0,8184.0,7452.0,2741.0,17010.0,199.0,156441.0,107666.0,104149.0,3517.0,10159.0,14477.0,11564.0,1818.0,10471.0,286.0,"Congressional District 8 (115th Congress), Texas",08,48
375980.0,199326.0,158583.0,153024.0,5559.0,7636.0,8075.0,6011.0,2573.0,16242.0,206.0,176654.0,128916.0,126649.0,2267.0,12759.0,11198.0,10823.0,2892.0,9893.0,173.0,"Congressional District 9 (115th Congress), Texas",09,48
406597.0,224430.0,176306.0,166181.0,10125.0,7964.0,10273.0,9753.0,2851.0,17010.0,273.0,182167.0,121072.0,116423.0,4649.0,15726.0,15321.0,15841.0,2409.0,11289.0,509.0,"Congressional District 10 (115th Congress), Texas",10,48
338727.0,192696.0,151149.0,143898.0,7251.0,5756.0,9488.0,5242.0,2552.0,18222.0,287.0,146031.0,98974.0,95170.0,3804.0,11865.0,13693.0,10253.0,1848.0,8881.0,517.0,"Congressional District 11 (115th Congress), Texas",11,48
377090.0,202252.0,157969.0,150158.0,7811.0,9568.0,11366.0,3965.0,4891.0,14323.0,170.0,174838.0,121807.0,118561.0,3246.0,16510.0,15655.0,7568.0,3235.0,9846.0,217.0,"Congressional District 12 (115th Congress), Texas",12,48
319132.0,175395.0,130455.0,123982.0,6473.0,6461.0,9381.0,7655.0,5736.0,15239.0,468.0,143737.0,94713.0,92904.0,1809.0,13109.0,12430.0,11589.0,3582.0,8010.0,304.0,"Congressional District 13 (115th Congress), Texas",13,48
324651.0,177898.0,142754.0,138308.0,4446.0,6150.0,9167.0,6221.0,3045.0,10386.0,175.0,146753.0,100111.0,97389.0,2722.0,10586.0,13291.0,13521.0,2468.0,6618.0,158.0,"Congressional District 14 (115th Congress), Texas",14,48
300580.0,163912.0,113881.0,108559.0,5322.0,4120.0,9745.0,10083.0,5492.0,20243.0,348.0,136668.0,91872.0,89753.0,2119.0,6477.0,11089.0,14534.0,3068.0,9368.0,260.0,"Congressional District 15 (115th Congress), Texas",15,48
303142.0,160262.0,111650.0,106728.0,4922.0,5343.0,12028.0,5774.0,12801.0,12470.0,196.0,142880.0,94748.0,92590.0,2158.0,10246.0,14265.0,10198.0,6636.0,6580.0,207.0,"Congressional District 16 (115th Congress), Texas",16,48
359465.0,190038.0,136700.0,131396.0,5304.0,9077.0,10697.0,15534.0,4255.0,13550.0,225.0,169427.0,108438.0,106568.0,1870.0,17021.0,13326.0,18928.0,2771.0,8717.0,226.0,"Congressional District 17 (115th Congress), Texas",17,48
350244.0,190483.0,155628.0,151204.0,4424.0,7254.0,6986.0,3750.0,2176.0,14404.0,285.0,159761.0,116150.0,114049.0,2101.0,10971.0,13380.0,8343.0,2776.0,7939.0,202.0,"Congressional District 18 (115th Congress), Texas",18,48
324227.0,174538.0,127974.0,121229.0,6745.0,8298.0,9780.0,9603.0,3868.0,14683.0,332.0,149689.0,96192.0,93639.0,2553.0,15538.0,13417.0,14334.0,2136.0,7647.0,425.0,"Congressional District 19 (115th Congress), Texas",19,48
356171.0,189822.0,146830.0,142839.0,3991.0,7903.0,8360.0,6449.0,9007.0,11197.0,76.0,166349.0,120557.0,118972.0,1585.0,13616.0,11421.0,9230.0,5194.0,6092.0,239.0,"Congressional District 20 (115th Congress), Texas",20,48
398064.0,212128.0,155959.0,144688.0,11271.0,10506.0,10546.0,8513.0,7004.0,19089.0,511.0,185936.0,121294.0,115711.0,5583.0,18464.0,13664.0,13419.0,4729.0,14064.0,302.0,"Congressional District 21 (115th Congress), Texas",21,48
406841.0,222407.0,180927.0,169498.0,11429.0,9173.0,9927.0,6518.0,3282.0,12212.0,368.0,184434.0,127174.0,122687.0,4487.0,16868.0,16060.0,12011.0,2489.0,9549.0,283.0,"Congressional District 22 (115th Congress), Texas",22,48
431182.0,229604.0,186895.0,176824.0,10071.0,7706.0,11489.0,6355.0,4344.0,12573.0,242.0,201578.0,143860.0,139580.0,4280.0,15677.0,16570.0,11695.0,2691.0,10655.0,430.0,"Congressional District 26 (115th Congress), Texas",26,48
310641.0,171718.0,127124.0,120560.0,6564.0,5589.0,10135.0,5824.0,9236.0,13565.0,245.0,138923.0,95155.0,92470.0,2685.0,9345.0,12649.0,10699.0,4081.0,6763.0,231.0,"Congressional District 23 (115th Congress), Texas",23,48
433141.0,233744.0,197729.0,187370.0,10359.0,7113.0,7727.0,2722.0,3666.0,14355.0,432.0,199397.0,153833.0,149578.0,4255.0,14146.0,12529.0,4984.0,2669.0,10936.0,300.0,"Congressional District 24 (115th Congress), Texas",24,48
341923.0,183653.0,133408.0,122345.0,11063.0,8536.0,9561.0,9280.0,6326.0,16215.0,327.0,158270.0,100473.0,95361.0,5112.0,15752.0,13425.0,12362.0,4246.0,11504.0,508.0,"Congressional District 25 (115th Congress), Texas",25,48
330997.0,181807.0,138179.0,132267.0,5912.0,5401.0,9880.0,5103.0,7348.0,15613.0,283.0,149190.0,103006.0,100286.0,2720.0,11705.0,13869.0,9084.0,2759.0,8347.0,420.0,"Congressional District 27 (115th Congress), Texas",27,48
294047.0,159778.0,116002.0,111020.0,4982.0,4681.0,9933.0,5596.0,7302.0,15847.0,417.0,134269.0,91976.0,89991.0,1985.0,7435.0,11707.0,11000.0,4308.0,7587.0,256.0,"Congressional District 28 (115th Congress), Texas",28,48
321126.0,192068.0,159875.0,157534.0,2341.0,6133.0,5856.0,2202.0,1558.0,16230.0,214.0,129058.0,96207.0,95475.0,732.0,7402.0,11815.0,4127.0,1359.0,7868.0,280.0,"Congressional District 29 (115th Congress), Texas",29,48
336710.0,171962.0,137718.0,133763.0,3955.0,6981.0,8265.0,3305.0,4012.0,11496.0,185.0,164748.0,120163.0,118012.0,2151.0,11995.0,13903.0,7509.0,4747.0,6135.0,296.0,"Congressional District 30 (115th Congress), Texas",30,48
376641.0,199734.0,146665.0,140106.0,6559.0,8781.0,12686.0,7632.0,10483.0,13243.0,244.0,176907.0,115173.0,111880.0,3293.0,18599.0,15337.0,11957.0,6528.0,9046.0,267.0,"Congressional District 31 (115th Congress), Texas",31,48
397309.0,215624.0,175806.0,164526.0,11280.0,8517.0,8117.0,3540.0,3189.0,16140.0,315.0,181685.0,133514.0,128410.0,5104.0,15571.0,12653.0,5890.0,2211.0,11543.0,303.0,"Congressional District 32 (115th Congress), Texas",32,48
316352.0,186587.0,161364.0,158568.0,2796.0,3822.0,5312.0,1357.0,1397.0,13108.0,227.0,129765.0,102417.0,100991.0,1426.0,6390.0,9000.0,3244.0,1465.0,6970.0,279.0,"Congressional District 33 (115th Congress), Texas",33,48
265134.0,141803.0,100006.0,96393.0,3613.0,4177.0,11686.0,5852.0,4262.0,15552.0,268.0,123331.0,85017.0,83191.0,1826.0,6203.0,13669.0,8895.0,1992.0,7262.0,293.0,"Congressional District 34 (115th Congress), Texas",34,48
379908.0,207409.0,161639.0,157183.0,4456.0,8494.0,9354.0,6916.0,5967.0,14840.0,199.0,172499.0,119656.0,117789.0,1867.0,14947.0,12341.0,11959.0,5379.0,7967.0,250.0,"Congressional District 35 (115th Congress), Texas",35,48
312901.0,178253.0,145723.0,141703.0,4020.0,5172.0,9320.0,4660.0,2464.0,10699.0,215.0,134648.0,92876.0,90874.0,2002.0,9862.0,13673.0,10121.0,1965.0,6056.0,95.0,"Congressional District 36 (115th Congress), Texas",36,48
342958.0,191669.0,144753.0,134535.0,10218.0,8799.0,8704.0,8106.0,13925.0,7136.0,246.0,151289.0,99646.0,94880.0,4766.0,12251.0,12995.0,10608.0,8317.0,7202.0,270.0,"Congressional District 1 (115th Congress), Utah",01,49
345727.0,192553.0,146019.0,136220.0,9799.0,10570.0,9537.0,11173.0,5607.0,9343.0,304.0,153174.0,102835.0,99085.0,3750.0,14757.0,12457.0,12137.0,3240.0,7463.0,285.0,"Congressional District 2 (115th Congress), Utah",02,49
346177.0,195711.0,152849.0,139853.0,12996.0,14482.0,8499.0,7449.0,2782.0,9419.0,231.0,150466.0,101802.0,97185.0,4617.0,16337.0,11933.0,10075.0,1530.0,8468.0,321.0,"Congressional District 3 (115th Congress), Utah",03,49
377352.0,209491.0,169348.0,159323.0,10025.0,10089.0,8389.0,8136.0,4173.0,9123.0,233.0,167861.0,119587.0,115947.0,3640.0,15130.0,10925.0,11363.0,2544.0,7898.0,414.0,"Congressional District 4 (115th Congress), Utah",04,49
333795.0,169464.0,119739.0,111102.0,8637.0,10291.0,9993.0,11141.0,4933.0,13040.0,327.0,164331.0,101726.0,98122.0,3604.0,17801.0,17649.0,14459.0,3893.0,8505.0,298.0,"Congressional District 5 (115th Congress), Virginia",05,51
327264.0,166375.0,113192.0,103039.0,10153.0,16741.0,8229.0,6441.0,4053.0,17239.0,480.0,160889.0,88936.0,83942.0,4994.0,32610.0,14102.0,9758.0,3668.0,11525.0,290.0,"Congressional District (at Large) (115th Congress), Vermont",00,50
381821.0,199831.0,136434.0,127301.0,9133.0,8464.0,13198.0,5942.0,25888.0,9693.0,212.0,181990.0,113616.0,109176.0,4440.0,16052.0,22059.0,7985.0,14264.0,7762.0,252.0,"Congressional District 1 (115th Congress), Virginia",01,51
341342.0,173693.0,117203.0,109067.0,8136.0,7853.0,10899.0,5509.0,23559.0,8495.0,175.0,167649.0,109311.0,105353.0,3958.0,15788.0,19149.0,5705.0,10548.0,6806.0,342.0,"Congressional District 2 (115th Congress), Virginia",02,51
336943.0,165846.0,116005.0,111055.0,4950.0,7407.0,10535.0,4994.0,20134.0,6543.0,228.0,171097.0,110055.0,107648.0,2407.0,16750.0,18007.0,8222.0,11848.0,6055.0,160.0,"Congressional District 3 (115th Congress), Virginia",03,51
352541.0,173266.0,125657.0,119161.0,6496.0,8814.0,10815.0,7713.0,12048.0,7865.0,354.0,179275.0,115983.0,112933.0,3050.0,15933.0,18920.0,12664.0,8829.0,6772.0,174.0,"Congressional District 4 (115th Congress), Virginia",04,51
353233.0,182834.0,135163.0,127645.0,7518.0,12480.0,11140.0,7613.0,4527.0,11637.0,274.0,170399.0,108373.0,104851.0,3522.0,22883.0,16805.0,10314.0,3615.0,7965.0,444.0,"Congressional District 6 (115th Congress), Virginia",06,51
387336.0,198883.0,150755.0,141363.0,9392.0,8612.0,11576.0,8103.0,9090.0,10488.0,259.0,188453.0,125092.0,120618.0,4474.0,18072.0,19198.0,11228.0,6352.0,8250.0,261.0,"Congressional District 7 (115th Congress), Virginia",07,51
453970.0,238131.0,151383.0,141917.0,9466.0,19391.0,8168.0,3296.0,42935.0,12699.0,259.0,215839.0,119329.0,114570.0,4759.0,32959.0,15440.0,3766.0,34197.0,9911.0,237.0,"Congressional District 8 (115th Congress), Virginia",08,51
296572.0,156067.0,112834.0,107719.0,5115.0,6794.0,11705.0,12346.0,3161.0,8984.0,243.0,140505.0,89965.0,87649.0,2316.0,11855.0,15689.0,13829.0,2771.0,6170.0,226.0,"Congressional District 9 (115th Congress), Virginia",09,51
422511.0,227954.0,169895.0,156909.0,12986.0,11848.0,10411.0,2448.0,21612.0,11520.0,220.0,194557.0,125929.0,119481.0,6448.0,19759.0,21068.0,4078.0,13404.0,9913.0,406.0,"Congressional District 10 (115th Congress), Virginia",10,51
423971.0,225270.0,155468.0,145156.0,10312.0,14583.0,9956.0,3295.0,30557.0,11073.0,338.0,198701.0,121290.0,116220.0,5070.0,22384.0,18861.0,4714.0,21025.0,10119.0,308.0,"Congressional District 11 (115th Congress), Virginia",11,51
312999.0,170036.0,132821.0,124556.0,8265.0,7195.0,9099.0,5973.0,4117.0,10630.0,201.0,142963.0,90177.0,85841.0,4336.0,16680.0,12011.0,11038.0,3757.0,8799.0,501.0,"Congressional District 3 (115th Congress), Washington",03,53
265161.0,141595.0,105778.0,101977.0,3801.0,7216.0,7035.0,9153.0,5598.0,6717.0,98.0,123566.0,79591.0,77873.0,1718.0,13714.0,9687.0,11452.0,4247.0,4733.0,142.0,"Congressional District 1 (115th Congress), West Virginia",01,54
268547.0,141549.0,102105.0,97915.0,4190.0,7028.0,8891.0,8592.0,7015.0,7649.0,269.0,126998.0,79381.0,77551.0,1830.0,13801.0,11991.0,11200.0,5696.0,4743.0,186.0,"Congressional District 2 (115th Congress), West Virginia",02,54
213250.0,111596.0,83670.0,80803.0,2867.0,5333.0,6231.0,7367.0,3559.0,5328.0,108.0,101654.0,65135.0,63575.0,1560.0,10231.0,9384.0,9777.0,3145.0,3878.0,104.0,"Congressional District 3 (115th Congress), West Virginia",03,54
365997.0,201280.0,163886.0,152364.0,11522.0,7239.0,10078.0,6289.0,3041.0,10600.0,147.0,164717.0,112224.0,106815.0,5409.0,15675.0,11991.0,10843.0,2413.0,11152.0,419.0,"Congressional District 1 (115th Congress), Washington",01,53
348293.0,186521.0,143504.0,135199.0,8305.0,8012.0,10870.0,7061.0,4896.0,11826.0,352.0,161772.0,107254.0,102827.0,4427.0,17292.0,11795.0,11224.0,3882.0,9890.0,435.0,"Congressional District 2 (115th Congress), Washington",02,53
305188.0,168194.0,130095.0,123248.0,6847.0,7305.0,9591.0,7166.0,5310.0,8507.0,220.0,136994.0,89135.0,85998.0,3137.0,12825.0,11879.0,12579.0,3215.0,7134.0,227.0,"Congressional District 4 (115th Congress), Washington",04,53
308033.0,159823.0,113302.0,104511.0,8791.0,10001.0,9364.0,11256.0,5265.0,10428.0,207.0,148210.0,89936.0,86325.0,3611.0,19280.0,11070.0,15730.0,4129.0,7697.0,368.0,"Congressional District 5 (115th Congress), Washington",05,53
292914.0,152197.0,98096.0,90151.0,7945.0,8290.0,11503.0,6948.0,16999.0,10269.0,92.0,140717.0,81246.0,77013.0,4233.0,17440.0,13935.0,11303.0,6972.0,9499.0,322.0,"Congressional District 6 (115th Congress), Washington",06,53
437954.0,230574.0,172939.0,160390.0,12549.0,17172.0,9843.0,11842.0,4483.0,14077.0,218.0,207380.0,126672.0,119947.0,6725.0,33031.0,12245.0,16744.0,3584.0,14697.0,407.0,"Congressional District 7 (115th Congress), Washington",07,53
351936.0,192322.0,151143.0,141778.0,9365.0,7467.0,11543.0,6248.0,4780.0,10739.0,402.0,159614.0,106236.0,102150.0,4086.0,15432.0,13045.0,12699.0,3431.0,8494.0,277.0,"Congressional District 8 (115th Congress), Washington",08,53
376146.0,206064.0,164225.0,155161.0,9064.0,11585.0,8435.0,6041.0,4348.0,11108.0,322.0,170082.0,116505.0,111972.0,4533.0,20427.0,10767.0,9745.0,3475.0,8806.0,357.0,"Congressional District 9 (115th Congress), Washington",09,53
318663.0,164701.0,113154.0,106688.0,6466.0,8022.0,9523.0,13538.0,12100.0,8141.0,223.0,153962.0,89923.0,86807.0,3116.0,15734.0,12187.0,20172.0,8172.0,7486.0,288.0,"Congressional District 10 (115th Congress), Washington",10,53
385594.0,201702.0,165902.0,156813.0,9089.0,11600.0,8776.0,3389.0,2250.0,9525.0,260.0,183892.0,128240.0,124632.0,3608.0,27985.0,13202.0,5438.0,2121.0,6732.0,174.0,"Congressional District 5 (115th Congress), Wisconsin",05,55
293633.0,159738.0,116905.0,108641.0,8264.0,6226.0,11905.0,8965.0,4831.0,10527.0,379.0,133895.0,75318.0,71226.0,4092.0,14364.0,19342.0,12149.0,4209.0,7986.0,527.0,"Congressional District (at Large) (115th Congress), Wyoming",00,56
358273.0,186186.0,151693.0,143655.0,8038.0,8872.0,10257.0,3439.0,2701.0,8922.0,302.0,172087.0,121636.0,118415.0,3221.0,21853.0,14424.0,5493.0,2378.0,6087.0,216.0,"Congressional District 1 (115th Congress), Wisconsin",01,55
410699.0,211658.0,154639.0,145527.0,9112.0,11449.0,10181.0,19599.0,2974.0,12494.0,322.0,199041.0,121415.0,117348.0,4067.0,27067.0,16102.0,23560.0,2456.0,8050.0,391.0,"Congressional District 2 (115th Congress), Wisconsin",02,55
365952.0,189872.0,143341.0,135619.0,7722.0,9937.0,9373.0,8600.0,3016.0,15064.0,541.0,176080.0,116506.0,113861.0,2645.0,22388.0,14763.0,11233.0,2739.0,8048.0,403.0,"Congressional District 3 (115th Congress), Wisconsin",03,55
329732.0,161743.0,126438.0,122536.0,3902.0,10989.0,10348.0,4109.0,2459.0,7211.0,189.0,167989.0,116179.0,114283.0,1896.0,24348.0,13471.0,6444.0,2640.0,4768.0,139.0,"Congressional District 4 (115th Congress), Wisconsin",04,55
364920.0,192926.0,157510.0,149034.0,8476.0,7747.0,8904.0,5763.0,1685.0,10974.0,343.0,171994.0,121648.0,118431.0,3217.0,21179.0,13115.0,7539.0,1601.0,6577.0,335.0,"Congressional District 6 (115th Congress), Wisconsin",06,55
348939.0,183315.0,138612.0,129420.0,9192.0,9351.0,10440.0,4805.0,2393.0,17108.0,606.0,165624.0,108984.0,105623.0,3361.0,22347.0,14707.0,7479.0,2359.0,9199.0,549.0,"Congressional District 7 (115th Congress), Wisconsin",07,55
375771.0,197487.0,160182.0,152136.0,8046.0,8458.0,10684.0,3877.0,1886.0,11949.0,451.0,178284.0,125474.0,122416.0,3058.0,21466.0,15209.0,6741.0,1666.0,7435.0,293.0,"Congressional District 8 (115th Congress), Wisconsin",08,55
1040136.0,545027.0,356224.0,336622.0,19602.0,18333.0,30911.0,61429.0,10993.0,66439.0,698.0,495109.0,308078.0,300481.0,7597.0,30783.0,29556.0,87233.0,8894.0,29704.0,861.0,"Resident Commissioner District (at Large) (115th Congress), Puerto Rico",98,72
